language,filename,blank,comment,code,"github.com/AlDanial/cloc v 1.98  T=0.19 s (2447.0 files/s 306458.9 lines/s)"
Java,/tmp/clone_directory/jsprit-core/src/test/java/com/graphhopper/jsprit/core/analysis/SolutionAnalyserTest.java,271,43,1322
Java,/tmp/clone_directory/jsprit-core/src/main/java/com/graphhopper/jsprit/core/analysis/SolutionAnalyser.java,199,291,725
Java,/tmp/clone_directory/jsprit-core/src/test/java/com/graphhopper/jsprit/core/problem/constraint/LoadConstraintTest.java,233,52,663
Java,/tmp/clone_directory/jsprit-core/src/main/java/com/graphhopper/jsprit/core/algorithm/box/Jsprit.java,152,29,641
Java,/tmp/clone_directory/jsprit-core/src/test/java/com/graphhopper/jsprit/core/algorithm/recreate/TestLocalActivityInsertionCostsCalculator.java,137,60,467
Java,/tmp/clone_directory/jsprit-analysis/src/main/java/com/graphhopper/jsprit/analysis/toolbox/GraphStreamViewer.java,85,51,457
Java,/tmp/clone_directory/jsprit-core/src/test/java/com/graphhopper/jsprit/core/problem/VehicleRoutingProblemTest.java,113,17,445
Java,/tmp/clone_directory/jsprit-analysis/src/main/java/com/graphhopper/jsprit/analysis/toolbox/Plotter.java,89,77,436
Java,/tmp/clone_directory/jsprit-analysis/src/main/java/com/graphhopper/jsprit/analysis/toolbox/AlgorithmEventsRecorder.java,81,24,423
Java,/tmp/clone_directory/jsprit-core/src/test/java/com/graphhopper/jsprit/core/problem/job/ShipmentTest.java,68,17,391
Java,/tmp/clone_directory/jsprit-core/src/test/java/com/graphhopper/jsprit/core/algorithm/box/JspritTest.java,81,27,381
Java,/tmp/clone_directory/jsprit-core/src/main/java/com/graphhopper/jsprit/core/problem/VehicleRoutingProblem.java,105,233,373
Java,/tmp/clone_directory/jsprit-core/src/main/java/com/graphhopper/jsprit/core/algorithm/state/StateManager.java,73,219,342
Java,/tmp/clone_directory/jsprit-core/src/test/java/com/graphhopper/jsprit/core/algorithm/recreate/JobInsertionConsideringFixCostsCalculatorTest.java,129,58,331
Java,/tmp/clone_directory/jsprit-core/src/test/java/com/graphhopper/jsprit/core/algorithm/recreate/RegretInsertionTest.java,71,32,320
Java,/tmp/clone_directory/jsprit-core/src/test/java/com/graphhopper/jsprit/core/problem/CapacityTest.java,50,18,318
Java,/tmp/clone_directory/jsprit-core/src/test/java/com/graphhopper/jsprit/core/algorithm/MeetTimeWindowConstraint_IT.java,51,17,314
Java,/tmp/clone_directory/jsprit-core/src/test/java/com/graphhopper/jsprit/core/problem/solution/route/TestVehicleRoute.java,48,17,289
Java,/tmp/clone_directory/jsprit-core/src/test/java/com/graphhopper/jsprit/core/algorithm/state/StateManagerTest.java,47,26,286
Java,/tmp/clone_directory/jsprit-core/src/main/java/com/graphhopper/jsprit/core/problem/job/Shipment.java,87,176,277
Java,/tmp/clone_directory/jsprit-core/src/test/java/com/graphhopper/jsprit/core/problem/constraint/MaxTimeInVehicleConstraintTest.java,93,51,276
Java,/tmp/clone_directory/jsprit-core/src/test/java/com/graphhopper/jsprit/core/algorithm/recreate/ShipmentInsertionCalculatorFlexTest.java,76,24,267
Java,/tmp/clone_directory/jsprit-core/src/test/java/com/graphhopper/jsprit/core/problem/constraint/ServiceLoadRouteLevelConstraintTest.java,82,17,258
Java,/tmp/clone_directory/jsprit-core/src/main/java/com/graphhopper/jsprit/core/problem/vehicle/VehicleImpl.java,75,149,255
Java,/tmp/clone_directory/jsprit-core/src/test/java/com/graphhopper/jsprit/core/algorithm/state/LoadStateTest.java,52,30,250
Java,/tmp/clone_directory/jsprit-core/src/test/java/com/graphhopper/jsprit/core/problem/constraint/VehicleDependentTraveledDistanceTest.java,51,32,244
Java,/tmp/clone_directory/jsprit-core/src/test/java/com/graphhopper/jsprit/core/problem/job/ServiceTest.java,50,23,244
Java,/tmp/clone_directory/jsprit-core/src/main/java/com/graphhopper/jsprit/core/algorithm/recreate/JobInsertionCostsCalculatorBuilder.java,78,75,242
Java,/tmp/clone_directory/jsprit-core/src/main/java/com/graphhopper/jsprit/core/problem/solution/route/VehicleRoute.java,60,187,234
Java,/tmp/clone_directory/jsprit-core/src/test/java/com/graphhopper/jsprit/core/algorithm/recreate/ShipmentInsertionCalculatorTest.java,66,23,233
Java,/tmp/clone_directory/jsprit-core/src/main/java/com/graphhopper/jsprit/core/algorithm/VehicleRoutingAlgorithm.java,47,67,232
Java,/tmp/clone_directory/jsprit-core/src/main/java/com/graphhopper/jsprit/core/problem/vehicle/VehicleTypeImpl.java,58,144,224
Java,/tmp/clone_directory/jsprit-core/src/main/java/com/graphhopper/jsprit/core/problem/job/Service.java,73,136,223
Java,/tmp/clone_directory/jsprit-core/src/test/java/com/graphhopper/jsprit/core/problem/vehicle/VehicleImplTest.java,47,17,211
Java,/tmp/clone_directory/jsprit-core/src/test/java/com/graphhopper/jsprit/core/util/VehicleRoutingTransportCostsMatrixTest.java,31,21,209
Java,/tmp/clone_directory/jsprit-core/src/test/java/com/graphhopper/jsprit/core/algorithm/recreate/TestInserter.java,53,23,207
Java,/tmp/clone_directory/jsprit-core/src/test/java/com/graphhopper/jsprit/core/problem/constraint/VehicleDependentTimeWindowTest.java,110,27,207
Java,/tmp/clone_directory/jsprit-core/src/test/java/com/graphhopper/jsprit/core/problem/constraint/VehicleDependentTimeWindowWithStartTimeAndMaxOperationTimeTest.java,107,28,207
Java,/tmp/clone_directory/jsprit-core/src/main/java/com/graphhopper/jsprit/core/algorithm/recreate/ShipmentInsertionCalculatorFlex.java,41,39,202
Java,/tmp/clone_directory/jsprit-core/src/test/java/com/graphhopper/jsprit/core/algorithm/recreate/TestRouteLevelServiceInsertionCostEstimator.java,31,22,202
Java,/tmp/clone_directory/jsprit-core/src/test/java/com/graphhopper/jsprit/core/algorithm/RefuseCollection_IT.java,46,83,198
Maven,/tmp/clone_directory/pom.xml,31,18,198
Java,/tmp/clone_directory/jsprit-core/src/main/java/com/graphhopper/jsprit/core/algorithm/recreate/ServiceInsertionOnRouteLevelCalculator.java,55,82,195
Markdown,/tmp/clone_directory/docs/Multiple-Depot-VRP.md,23,0,192
Java,/tmp/clone_directory/jsprit-core/src/test/java/com/graphhopper/jsprit/core/algorithm/recreate/TestCalculatesServiceInsertion.java,60,18,189
Java,/tmp/clone_directory/jsprit-core/src/test/java/com/graphhopper/jsprit/core/problem/solution/route/activity/TestTourActivities.java,46,17,189
Java,/tmp/clone_directory/jsprit-core/src/main/java/com/graphhopper/jsprit/core/algorithm/recreate/ShipmentInsertionCalculator.java,35,35,187
Java,/tmp/clone_directory/jsprit-core/src/test/java/com/graphhopper/jsprit/core/algorithm/state/UpdateVehicleDependentTimeWindowTest.java,63,22,187
Markdown,/tmp/clone_directory/WHATS_NEW.md,102,0,179
Java,/tmp/clone_directory/jsprit-core/src/test/java/com/graphhopper/jsprit/core/algorithm/InitialRoutesTest.java,38,20,176
Java,/tmp/clone_directory/jsprit-core/src/main/java/com/graphhopper/jsprit/core/algorithm/state/UpdateMaxTimeInVehicle.java,37,24,175
Java,/tmp/clone_directory/jsprit-core/src/test/java/com/graphhopper/jsprit/core/problem/vehicle/TestVehicleFleetManagerImpl.java,28,18,174
Java,/tmp/clone_directory/jsprit-core/src/main/java/com/graphhopper/jsprit/core/algorithm/recreate/InsertionStrategyBuilder.java,48,17,172
Markdown,/tmp/clone_directory/jsprit-core/LICENSE.md,34,0,169
Markdown,/tmp/clone_directory/CHANGELOG.md,58,0,168
Java,/tmp/clone_directory/jsprit-core/src/test/java/com/graphhopper/jsprit/core/algorithm/ruin/RuinWorstTest.java,29,20,168
Java,/tmp/clone_directory/jsprit-core/src/test/java/com/graphhopper/jsprit/core/algorithm/SearchStrategyManagerTest.java,49,17,166
Java,/tmp/clone_directory/jsprit-core/src/main/java/com/graphhopper/jsprit/core/problem/solution/route/activity/TourActivities.java,42,74,165
Java,/tmp/clone_directory/jsprit-core/src/test/java/com/graphhopper/jsprit/core/algorithm/SearchStrategyTest.java,57,17,161
Java,/tmp/clone_directory/jsprit-core/src/main/java/com/graphhopper/jsprit/core/util/VehicleRoutingTransportCostsMatrix.java,38,74,158
Java,/tmp/clone_directory/jsprit-core/src/test/java/com/graphhopper/jsprit/core/algorithm/recreate/TestRouteLevelActivityInsertionCostEstimator.java,30,20,158
Java,/tmp/clone_directory/jsprit-core/src/main/java/com/graphhopper/jsprit/core/algorithm/ruin/RuinString.java,29,34,155
Java,/tmp/clone_directory/jsprit-core/src/main/java/com/graphhopper/jsprit/core/algorithm/recreate/RegretInsertion.java,25,39,154
Java,/tmp/clone_directory/jsprit-core/src/main/java/com/graphhopper/jsprit/core/algorithm/recreate/RegretInsertionConcurrentFast.java,28,41,153
Java,/tmp/clone_directory/jsprit-core/src/main/java/com/graphhopper/jsprit/core/problem/constraint/ConstraintManager.java,44,26,150
Java,/tmp/clone_directory/jsprit-core/src/main/java/com/graphhopper/jsprit/core/algorithm/ruin/DBSCANClusterer.java,37,20,149
Java,/tmp/clone_directory/jsprit-core/src/test/java/com/graphhopper/jsprit/core/problem/solution/route/VehicleRouteBuilderTest.java,17,17,149
Java,/tmp/clone_directory/jsprit-core/src/main/java/com/graphhopper/jsprit/core/problem/vehicle/VehicleFleetManagerImpl.java,36,35,147
Java,/tmp/clone_directory/jsprit-core/src/main/java/com/graphhopper/jsprit/core/algorithm/recreate/InsertionBuilder.java,44,27,146
Java,/tmp/clone_directory/jsprit-core/src/main/java/com/graphhopper/jsprit/core/reporting/SolutionPrinter.java,25,54,144
Java,/tmp/clone_directory/jsprit-core/src/test/java/com/graphhopper/jsprit/core/problem/vehicle/VehicleTypeImplTest.java,33,17,143
Java,/tmp/clone_directory/jsprit-core/src/main/java/com/graphhopper/jsprit/core/problem/Capacity.java,31,135,142
Java,/tmp/clone_directory/jsprit-core/src/test/java/com/graphhopper/jsprit/core/algorithm/VehicleRoutingAlgorithmTest.java,28,17,140
Java,/tmp/clone_directory/jsprit-core/src/test/java/com/graphhopper/jsprit/core/util/LiLimReader.java,34,25,139
Java,/tmp/clone_directory/jsprit-analysis/src/main/java/com/graphhopper/jsprit/analysis/toolbox/AlgorithmEventsViewer.java,59,18,138
Markdown,/tmp/clone_directory/docs/Walkthrough---Algorithm.md,50,0,137
Java,/tmp/clone_directory/jsprit-core/src/test/java/com/graphhopper/jsprit/core/util/TimeTest.java,33,17,133
Java,/tmp/clone_directory/jsprit-core/src/main/java/com/graphhopper/jsprit/core/algorithm/recreate/InsertionDataUpdater.java,13,20,132
Java,/tmp/clone_directory/jsprit-core/src/test/java/com/graphhopper/jsprit/core/algorithm/recreate/TestCalculatesServiceInsertionOnRouteLevel.java,45,17,131
Java,/tmp/clone_directory/jsprit-core/src/main/java/com/graphhopper/jsprit/core/algorithm/recreate/ServiceInsertionCalculator.java,24,35,123
Java,/tmp/clone_directory/jsprit-core/src/main/java/com/graphhopper/jsprit/core/algorithm/ruin/RuinTimeRelated.java,20,25,123
Java,/tmp/clone_directory/jsprit-core/src/test/java/com/graphhopper/jsprit/core/algorithm/ruin/JobNeighborhoodsOptimizedTest.java,22,17,122
Text,/tmp/clone_directory/jsprit-core/src/test/resources/com/graphhopper/jsprit/core/algorithm/matrix.txt,0,0,121
Java,/tmp/clone_directory/jsprit-core/src/main/java/com/graphhopper/jsprit/core/algorithm/recreate/BreakInsertionCalculator.java,27,36,120
Markdown,/tmp/clone_directory/docs/Simple-Example.md,25,0,118
Markdown,/tmp/clone_directory/docs/Heterogeneous-Fleet.md,38,0,116
Java,/tmp/clone_directory/jsprit-core/src/main/java/com/graphhopper/jsprit/core/algorithm/recreate/RegretInsertionConcurrent.java,21,41,116
Java,/tmp/clone_directory/jsprit-core/src/main/java/com/graphhopper/jsprit/core/algorithm/ruin/RuinClusters.java,25,28,116
Java,/tmp/clone_directory/jsprit-core/src/test/java/com/graphhopper/jsprit/core/util/UnassignedJobReasonTrackerTest.java,27,20,116
Java,/tmp/clone_directory/jsprit-core/src/main/java/com/graphhopper/jsprit/core/algorithm/recreate/RegretInsertionFast.java,25,60,114
Java,/tmp/clone_directory/jsprit-core/src/test/java/com/graphhopper/jsprit/core/algorithm/OpenRoutesTest.java,42,17,113
Java,/tmp/clone_directory/jsprit-analysis/src/main/java/com/graphhopper/jsprit/analysis/toolbox/StrategyAnalyser.java,31,20,111
Java,/tmp/clone_directory/jsprit-core/src/main/java/com/graphhopper/jsprit/core/algorithm/recreate/BestInsertionBuilder.java,39,24,110
Java,/tmp/clone_directory/jsprit-core/src/main/java/com/graphhopper/jsprit/core/problem/solution/route/activity/ServiceActivity.java,34,35,109
Text,/tmp/clone_directory/jsprit-core/src/test/resources/com/graphhopper/jsprit/core/algorithm/lr101.txt,0,0,108
Java,/tmp/clone_directory/jsprit-core/src/main/java/com/graphhopper/jsprit/core/algorithm/acceptor/SchrimpfAcceptance.java,25,59,107
Java,/tmp/clone_directory/jsprit-core/src/main/java/com/graphhopper/jsprit/core/problem/constraint/MaxTimeInVehicleConstraint.java,18,28,107
Text,/tmp/clone_directory/jsprit-core/src/test/resources/com/graphhopper/jsprit/core/algorithm/C101.txt,3,0,107
Java,/tmp/clone_directory/jsprit-core/src/main/java/com/graphhopper/jsprit/core/algorithm/recreate/BestInsertionConcurrent.java,26,20,106
Java,/tmp/clone_directory/jsprit-core/src/main/java/com/graphhopper/jsprit/core/problem/Location.java,35,78,106
Java,/tmp/clone_directory/jsprit-core/src/main/java/com/graphhopper/jsprit/core/algorithm/SearchStrategy.java,35,30,105
Java,/tmp/clone_directory/jsprit-core/src/test/java/com/graphhopper/jsprit/core/algorithm/recreate/ServiceInsertionAndLoadConstraintsTest.java,35,19,105
Java,/tmp/clone_directory/jsprit-core/src/main/java/com/graphhopper/jsprit/core/algorithm/listener/VehicleRoutingAlgorithmListeners.java,29,17,104
Java,/tmp/clone_directory/jsprit-core/src/main/java/com/graphhopper/jsprit/core/algorithm/recreate/Inserter.java,37,17,104
Java,/tmp/clone_directory/jsprit-core/src/main/java/com/graphhopper/jsprit/core/algorithm/ruin/JobNeighborhoodsOptimized.java,29,20,103
Java,/tmp/clone_directory/jsprit-core/src/main/java/com/graphhopper/jsprit/core/util/UnassignedJobReasonTracker.java,28,57,103
Java,/tmp/clone_directory/jsprit-core/src/test/java/com/graphhopper/jsprit/core/util/SolomonReader.java,26,27,103
Java,/tmp/clone_directory/jsprit-core/src/main/java/com/graphhopper/jsprit/core/problem/solution/route/activity/Start.java,33,17,102
Java,/tmp/clone_directory/jsprit-core/src/main/java/com/graphhopper/jsprit/core/algorithm/ruin/RuinWorst.java,19,29,101
Java,/tmp/clone_directory/jsprit-core/src/main/java/com/graphhopper/jsprit/core/algorithm/acceptor/ExperimentalSchrimpfAcceptance.java,29,22,100
Java,/tmp/clone_directory/jsprit-core/src/test/java/com/graphhopper/jsprit/core/problem/job/DeliveryTest.java,20,17,100
Java,/tmp/clone_directory/jsprit-core/src/main/java/com/graphhopper/jsprit/core/algorithm/PrettyAlgorithmBuilder.java,24,20,99
Java,/tmp/clone_directory/jsprit-core/src/test/java/com/graphhopper/jsprit/core/algorithm/ruin/JobNeighborhoodsImplTest.java,19,17,99
Java,/tmp/clone_directory/jsprit-core/src/test/java/com/graphhopper/jsprit/core/problem/job/PickupTest.java,21,17,99
Java,/tmp/clone_directory/jsprit-core/src/main/java/com/graphhopper/jsprit/core/problem/solution/route/activity/BreakActivity.java,34,29,98
Java,/tmp/clone_directory/jsprit-core/src/test/java/com/graphhopper/jsprit/core/util/ChristofidesReader.java,17,35,98
Java,/tmp/clone_directory/jsprit-core/src/main/java/com/graphhopper/jsprit/core/problem/solution/route/activity/End.java,33,18,97
Java,/tmp/clone_directory/jsprit-core/src/main/java/com/graphhopper/jsprit/core/algorithm/ruin/JobNeighborhoodsImplWithCapRestriction.java,25,27,95
Java,/tmp/clone_directory/jsprit-core/src/test/java/com/graphhopper/jsprit/core/algorithm/CVRPwithMatrix_IT.java,13,17,95
Markdown,/tmp/clone_directory/docs/VRP-with-time-windows-example.md,17,0,94
Java,/tmp/clone_directory/jsprit-core/src/main/java/com/graphhopper/jsprit/core/problem/constraint/MaxDistanceConstraint.java,20,20,94
Java,/tmp/clone_directory/jsprit-core/src/test/java/com/graphhopper/jsprit/core/algorithm/acceptor/SchrimpfAcceptanceTest.java,21,37,94
Java,/tmp/clone_directory/jsprit-core/src/test/java/com/graphhopper/jsprit/core/algorithm/ruin/JobNeighborhoodsWithCapRestrictionImplTest.java,18,17,93
Java,/tmp/clone_directory/jsprit-core/src/test/java/com/graphhopper/jsprit/core/algorithm/state/UpdateMaxTimeInVehicleTest.java,35,76,92
Java,/tmp/clone_directory/jsprit-core/src/main/java/com/graphhopper/jsprit/core/problem/solution/route/activity/DeliverShipment.java,25,17,90
Java,/tmp/clone_directory/jsprit-core/src/main/java/com/graphhopper/jsprit/core/problem/solution/route/activity/PickupService.java,26,17,90
Java,/tmp/clone_directory/jsprit-core/src/main/java/com/graphhopper/jsprit/core/util/FastVehicleRoutingTransportCostsMatrix.java,28,69,90
Java,/tmp/clone_directory/jsprit-core/src/test/java/com/graphhopper/jsprit/core/algorithm/VariableDepartureAndWaitingTime_IT.java,16,20,90
Java,/tmp/clone_directory/jsprit-core/src/main/java/com/graphhopper/jsprit/core/problem/solution/route/activity/DeliverService.java,26,17,89
Java,/tmp/clone_directory/jsprit-core/src/main/java/com/graphhopper/jsprit/core/algorithm/recreate/BreakScheduling.java,14,20,87
Java,/tmp/clone_directory/jsprit-core/src/main/java/com/graphhopper/jsprit/core/problem/solution/route/activity/PickupShipment.java,26,17,87
Java,/tmp/clone_directory/jsprit-core/src/main/java/com/graphhopper/jsprit/core/algorithm/recreate/VehicleTypeDependentJobInsertionCalculator.java,19,32,86
Java,/tmp/clone_directory/jsprit-core/src/main/java/com/graphhopper/jsprit/core/algorithm/module/RuinAndRecreateModule.java,21,36,85
Java,/tmp/clone_directory/jsprit-core/src/main/java/com/graphhopper/jsprit/core/algorithm/termination/VariationCoefficientTermination.java,20,37,83
Java,/tmp/clone_directory/jsprit-core/src/test/java/com/graphhopper/jsprit/core/algorithm/RefuseCollectionWithCostsHigherThanTimesAndFiniteFleet_withTimeAndDistanceCosts_IT.java,19,35,83
Java,/tmp/clone_directory/jsprit-core/src/test/java/com/graphhopper/jsprit/core/algorithm/recreate/TestAuxilliaryCostCalculator.java,24,17,83
Java,/tmp/clone_directory/jsprit-core/src/main/java/com/graphhopper/jsprit/core/algorithm/recreate/AbstractInsertionStrategy.java,31,17,82
Java,/tmp/clone_directory/jsprit-core/src/main/java/com/graphhopper/jsprit/core/algorithm/ruin/RuinRadialMultipleCenters.java,18,28,82
Java,/tmp/clone_directory/jsprit-core/src/main/java/com/graphhopper/jsprit/core/problem/constraint/VehicleDependentTimeWindowConstraints.java,19,56,81
Java,/tmp/clone_directory/jsprit-core/src/test/java/com/graphhopper/jsprit/core/algorithm/RefuseCollectionWithCostsHigherThanTimesAndFiniteFleet_IT.java,20,36,81
Java,/tmp/clone_directory/jsprit-core/src/main/java/com/graphhopper/jsprit/core/algorithm/ruin/JobNeighborhoodsImpl.java,19,20,80
Java,/tmp/clone_directory/jsprit-core/src/test/java/com/graphhopper/jsprit/core/util/FastVehicleRoutingTransportCostsMatrixTest.java,16,17,80
Java,/tmp/clone_directory/jsprit-core/src/main/java/com/graphhopper/jsprit/core/algorithm/state/VehicleDependentTraveledDistance.java,22,20,78
Java,/tmp/clone_directory/jsprit-core/src/main/java/com/graphhopper/jsprit/core/problem/constraint/HardActivityLevelConstraintManager.java,19,17,76
Java,/tmp/clone_directory/jsprit-core/src/main/java/com/graphhopper/jsprit/core/algorithm/SearchStrategyManager.java,21,30,75
Java,/tmp/clone_directory/jsprit-core/src/main/java/com/graphhopper/jsprit/core/algorithm/recreate/LocalActivityInsertionCostsCalculator.java,21,26,75
Java,/tmp/clone_directory/jsprit-core/src/main/java/com/graphhopper/jsprit/core/algorithm/ruin/RuinRadial.java,16,39,75
Java,/tmp/clone_directory/jsprit-core/src/test/java/com/graphhopper/jsprit/core/problem/SkillsTest.java,15,20,75
Markdown,/tmp/clone_directory/docs/Bigger Multiple Depot VRP.md,16,0,74
Java,/tmp/clone_directory/jsprit-core/src/main/java/com/graphhopper/jsprit/core/algorithm/acceptor/RecordToRecordTravelAcceptance.java,26,26,74
Java,/tmp/clone_directory/jsprit-core/src/main/java/com/graphhopper/jsprit/core/algorithm/ruin/AbstractRuinStrategy.java,22,17,74
Java,/tmp/clone_directory/jsprit-core/src/main/java/com/graphhopper/jsprit/core/algorithm/recreate/InsertionData.java,35,68,73
Java,/tmp/clone_directory/jsprit-core/src/main/java/com/graphhopper/jsprit/core/algorithm/state/UpdateVehicleDependentPracticalTimeWindows.java,26,17,73
Java,/tmp/clone_directory/jsprit-core/src/test/java/com/graphhopper/jsprit/core/algorithm/CapacityConstraint_IT.java,16,20,73
Java,/tmp/clone_directory/jsprit-core/src/test/java/com/graphhopper/jsprit/core/algorithm/recreate/CalcVehicleTypeDependentServiceInsertionTest.java,16,17,72
Java,/tmp/clone_directory/jsprit-core/src/test/java/com/graphhopper/jsprit/core/algorithm/recreate/TestMixedServiceAndShipmentsProblemOnRouteLevel.java,32,50,72
Java,/tmp/clone_directory/jsprit-core/src/test/java/com/graphhopper/jsprit/core/algorithm/ruin/distance/JobDistanceAvgCostsTest.java,18,18,72
Java,/tmp/clone_directory/jsprit-core/src/test/java/com/graphhopper/jsprit/core/problem/solution/route/activity/ServiceActivityTest.java,22,17,72
Java,/tmp/clone_directory/jsprit-core/src/main/java/com/graphhopper/jsprit/core/algorithm/state/UpdateLoads.java,17,30,71
Java,/tmp/clone_directory/jsprit-core/src/test/java/com/graphhopper/jsprit/core/algorithm/state/UpdatePracticalTimeWindowTest.java,23,17,71
Java,/tmp/clone_directory/jsprit-core/src/main/java/com/graphhopper/jsprit/core/util/ActivityTimeTracker.java,31,17,70
Java,/tmp/clone_directory/jsprit-core/src/test/java/com/graphhopper/jsprit/core/problem/LocationTest.java,18,21,70
Java,/tmp/clone_directory/jsprit-core/src/test/java/com/graphhopper/jsprit/core/algorithm/BuildCVRPAlgoFromScratch_IT.java,20,17,69
Java,/tmp/clone_directory/jsprit-core/src/test/java/com/graphhopper/jsprit/core/algorithm/IgnoreBreakTimeWindowTest.java,19,26,69
Java,/tmp/clone_directory/jsprit-core/src/test/java/com/graphhopper/jsprit/core/problem/solution/route/activity/BreakActivityTest.java,23,17,69
Java,/tmp/clone_directory/jsprit-core/src/main/java/com/graphhopper/jsprit/core/algorithm/recreate/AbstractInsertionCalculator.java,9,20,68
Java,/tmp/clone_directory/jsprit-core/src/test/java/com/graphhopper/jsprit/core/problem/solution/route/activity/DeliverShipmentTest.java,15,17,68
Java,/tmp/clone_directory/jsprit-core/src/test/java/com/graphhopper/jsprit/core/problem/solution/route/activity/PickupShipmentTest.java,15,17,68
Markdown,/tmp/clone_directory/docs/Walkthrough   Constraints.md,27,0,67
Java,/tmp/clone_directory/jsprit-core/src/main/java/com/graphhopper/jsprit/core/algorithm/recreate/RouteLevelActivityInsertionCostsEstimator.java,14,20,67
Java,/tmp/clone_directory/jsprit-core/src/test/java/com/graphhopper/jsprit/core/algorithm/module/RuinAndRecreateModuleTest.java,8,17,67
Java,/tmp/clone_directory/jsprit-core/src/test/java/com/graphhopper/jsprit/core/algorithm/SolomonSkills_IT.java,9,22,66
Java,/tmp/clone_directory/jsprit-core/src/main/java/com/graphhopper/jsprit/core/algorithm/recreate/CalculatesServiceInsertionWithTimeScheduling.java,18,24,65
Java,/tmp/clone_directory/jsprit-core/src/main/java/com/graphhopper/jsprit/core/algorithm/recreate/listener/InsertionListeners.java,16,17,65
Java,/tmp/clone_directory/jsprit-core/src/main/java/com/graphhopper/jsprit/core/algorithm/state/StateFactory.java,20,26,65
Java,/tmp/clone_directory/jsprit-core/src/test/java/com/graphhopper/jsprit/core/problem/solution/VehicleRoutingProblemSolutionTest.java,13,17,65
Java,/tmp/clone_directory/jsprit-core/src/main/java/com/graphhopper/jsprit/core/algorithm/recreate/BestInsertion.java,11,22,64
Java,/tmp/clone_directory/jsprit-core/src/test/java/com/graphhopper/jsprit/core/problem/constraint/SkillConstraintTest.java,24,17,64
Java,/tmp/clone_directory/jsprit-core/src/test/java/com/graphhopper/jsprit/core/algorithm/state/HardPickupAndDeliveryShipmentActivityConstraintTest.java,27,20,63
Java,/tmp/clone_directory/jsprit-core/src/main/java/com/graphhopper/jsprit/core/algorithm/state/UpdateVariableCosts.java,24,33,62
Java,/tmp/clone_directory/jsprit-core/src/test/java/com/graphhopper/jsprit/core/problem/constraint/TestConstraintManager.java,11,17,62
Java,/tmp/clone_directory/jsprit-core/src/main/java/com/graphhopper/jsprit/core/util/Time.java,9,37,61
Java,/tmp/clone_directory/jsprit-core/src/test/java/com/graphhopper/jsprit/core/problem/misc/JobInsertionContextTest.java,20,17,59
Java,/tmp/clone_directory/jsprit-core/src/test/java/com/graphhopper/jsprit/core/problem/solution/route/activity/DeliverServiceTest.java,14,17,59
Java,/tmp/clone_directory/jsprit-core/src/test/java/com/graphhopper/jsprit/core/problem/solution/route/activity/PickupServiceTest.java,15,17,59
Java,/tmp/clone_directory/jsprit-core/src/test/java/com/graphhopper/jsprit/core/algorithm/MultipleTimeWindowsTest.java,19,20,58
Java,/tmp/clone_directory/jsprit-core/src/main/java/com/graphhopper/jsprit/core/problem/Skills.java,19,53,57
Java,/tmp/clone_directory/jsprit-core/src/main/java/com/graphhopper/jsprit/core/problem/solution/route/activity/TimeWindow.java,13,50,57
Java,/tmp/clone_directory/jsprit-core/src/main/java/com/graphhopper/jsprit/core/util/GreatCircleCosts.java,16,28,57
Java,/tmp/clone_directory/jsprit-core/src/test/java/com/graphhopper/jsprit/core/algorithm/ruin/StringUtilTest.java,10,20,57
Java,/tmp/clone_directory/jsprit-core/src/main/java/com/graphhopper/jsprit/core/problem/misc/JobInsertionContext.java,22,66,56
Java,/tmp/clone_directory/jsprit-core/src/main/java/com/graphhopper/jsprit/core/problem/vehicle/InfiniteVehicles.java,27,19,56
Java,/tmp/clone_directory/jsprit-core/src/main/java/com/graphhopper/jsprit/core/problem/vehicle/VehicleTypeKey.java,12,24,56
Java,/tmp/clone_directory/jsprit-core/src/main/java/com/graphhopper/jsprit/core/util/ManhattanCosts.java,14,20,55
Java,/tmp/clone_directory/jsprit-core/src/main/java/com/graphhopper/jsprit/core/algorithm/recreate/DefaultScorer.java,16,20,54
Java,/tmp/clone_directory/jsprit-core/src/test/java/com/graphhopper/jsprit/core/algorithm/UnassignedJobListTest.java,19,17,54
Java,/tmp/clone_directory/jsprit-core/src/test/java/com/graphhopper/jsprit/core/algorithm/termination/IterationsWithoutImprovementTest.java,8,17,54
Markdown,/tmp/clone_directory/docs/Read-classical-VRP-instance---with-time-windows.md,14,0,53
Java,/tmp/clone_directory/jsprit-core/src/test/java/com/graphhopper/jsprit/core/algorithm/ruin/DBSCANClustererTest.java,16,20,53
Java,/tmp/clone_directory/jsprit-core/src/main/java/com/graphhopper/jsprit/core/algorithm/recreate/CalculatesServiceInsertionWithTimeSchedulingInSlices.java,15,24,52
Java,/tmp/clone_directory/jsprit-core/src/main/java/com/graphhopper/jsprit/core/problem/job/Activity.java,23,17,52
Text,/tmp/clone_directory/jsprit-core/src/test/resources/com/graphhopper/jsprit/core/algorithm/vrpnc1.txt,0,0,52
Java,/tmp/clone_directory/jsprit-analysis/src/main/java/com/graphhopper/jsprit/analysis/toolbox/XYLineChartBuilder.java,13,46,51
Java,/tmp/clone_directory/jsprit-core/src/main/java/com/graphhopper/jsprit/core/algorithm/termination/TimeTermination.java,21,33,50
Java,/tmp/clone_directory/jsprit-core/src/test/java/com/graphhopper/jsprit/core/problem/solution/route/activity/EndTest.java,13,17,50
Java,/tmp/clone_directory/jsprit-core/src/test/java/com/graphhopper/jsprit/core/problem/solution/route/activity/StartTest.java,12,17,50
Java,/tmp/clone_directory/jsprit-core/src/main/java/com/graphhopper/jsprit/core/problem/solution/VehicleRoutingProblemSolution.java,16,61,49
Java,/tmp/clone_directory/jsprit-core/src/main/java/com/graphhopper/jsprit/core/util/Coordinate.java,11,17,49
Java,/tmp/clone_directory/jsprit-core/src/main/java/com/graphhopper/jsprit/core/algorithm/AlgorithmUtil.java,12,20,48
Java,/tmp/clone_directory/jsprit-core/src/main/java/com/graphhopper/jsprit/core/algorithm/acceptor/SchrimpfInitialThresholdGenerator.java,16,21,48
Java,/tmp/clone_directory/jsprit-core/src/main/java/com/graphhopper/jsprit/core/algorithm/ruin/RuinRandom.java,15,34,48
Java,/tmp/clone_directory/jsprit-core/src/main/java/com/graphhopper/jsprit/core/util/Resource.java,11,20,48
Java,/tmp/clone_directory/jsprit-core/src/test/java/com/graphhopper/jsprit/core/algorithm/DeactivateTimeWindowsTest.java,13,17,47
Java,/tmp/clone_directory/jsprit-core/src/test/java/com/graphhopper/jsprit/core/algorithm/ruin/distance/AverageJobDistanceTest.java,16,18,47
Java,/tmp/clone_directory/jsprit-core/src/main/java/com/graphhopper/jsprit/core/algorithm/recreate/DecreasingRelativeFixedCosts.java,14,17,46
Java,/tmp/clone_directory/jsprit-core/src/test/java/com/graphhopper/jsprit/core/algorithm/ruin/RuinTimeRelatedTest.java,14,20,46
Java,/tmp/clone_directory/jsprit-analysis/src/main/java/com/graphhopper/jsprit/analysis/toolbox/AlgorithmSearchProgressChartListener.java,14,29,45
Java,/tmp/clone_directory/jsprit-core/src/main/java/com/graphhopper/jsprit/core/algorithm/box/ConcurrentInsertionNoiseMaker.java,14,20,45
Java,/tmp/clone_directory/jsprit-core/src/main/java/com/graphhopper/jsprit/core/algorithm/recreate/AuxilliaryCostCalculator.java,10,24,45
Java,/tmp/clone_directory/jsprit-core/src/test/java/com/graphhopper/jsprit/core/algorithm/selector/SelectRandomlyTest.java,19,17,45
Java,/tmp/clone_directory/jsprit-analysis/src/main/java/com/graphhopper/jsprit/analysis/toolbox/StopWatch.java,17,17,44
Java,/tmp/clone_directory/jsprit-core/src/test/java/com/graphhopper/jsprit/core/algorithm/ruin/RuinRadialTest.java,14,20,44
Java,/tmp/clone_directory/jsprit-core/src/test/java/com/graphhopper/jsprit/core/algorithm/state/UpdateRequiredSkillsTest.java,12,20,44
Java,/tmp/clone_directory/jsprit-core/src/main/java/com/graphhopper/jsprit/core/algorithm/recreate/ScoredJob.java,20,20,43
Java,/tmp/clone_directory/jsprit-core/src/main/java/com/graphhopper/jsprit/core/problem/constraint/PickupAndDeliverShipmentLoadActivityLevelConstraint.java,9,36,42
Java,/tmp/clone_directory/jsprit-core/src/main/java/com/graphhopper/jsprit/core/problem/constraint/ServiceLoadActivityLevelConstraint.java,8,24,42
Java,/tmp/clone_directory/jsprit-core/src/test/java/com/graphhopper/jsprit/core/problem/constraint/SoftActivityConstraintManagerTest.java,8,17,42
Java,/tmp/clone_directory/jsprit-core/src/main/java/com/graphhopper/jsprit/core/problem/solution/route/ReverseRouteActivityVisitor.java,12,17,41
Java,/tmp/clone_directory/jsprit-core/src/main/java/com/graphhopper/jsprit/core/util/BenchmarkResult.java,14,17,41
Java,/tmp/clone_directory/jsprit-core/src/main/java/com/graphhopper/jsprit/core/problem/constraint/ServiceLoadRouteLevelConstraint.java,7,25,40
Java,/tmp/clone_directory/jsprit-core/src/main/java/com/graphhopper/jsprit/core/problem/driver/DriverImpl.java,18,17,40
Java,/tmp/clone_directory/jsprit-core/src/test/java/com/graphhopper/jsprit/core/algorithm/ruin/RuinClustersTest.java,12,20,40
Java,/tmp/clone_directory/jsprit-core/src/main/java/com/graphhopper/jsprit/core/algorithm/recreate/VariableTransportCostCalculator.java,11,18,39
Java,/tmp/clone_directory/jsprit-core/src/main/java/com/graphhopper/jsprit/core/algorithm/ruin/distance/AvgServiceDistance.java,9,30,39
Java,/tmp/clone_directory/jsprit-core/src/main/java/com/graphhopper/jsprit/core/problem/AbstractVehicle.java,17,23,39
Java,/tmp/clone_directory/jsprit-core/src/main/java/com/graphhopper/jsprit/core/problem/constraint/AdditionalTransportationCosts.java,12,38,39
Java,/tmp/clone_directory/jsprit-core/src/main/java/com/graphhopper/jsprit/core/util/EuclideanCosts.java,11,23,39
Java,/tmp/clone_directory/jsprit-core/src/main/java/com/graphhopper/jsprit/core/algorithm/box/InsertionNoiseMaker.java,14,27,38
Java,/tmp/clone_directory/jsprit-core/src/main/java/com/graphhopper/jsprit/core/problem/solution/route/RouteActivityVisitor.java,12,17,38
Java,/tmp/clone_directory/jsprit-core/src/test/java/com/graphhopper/jsprit/core/problem/constraint/SoftRouteConstraintManagerTest.java,7,17,38
Markdown,/tmp/clone_directory/README.md,18,0,37
Java,/tmp/clone_directory/jsprit-core/src/main/java/com/graphhopper/jsprit/core/algorithm/recreate/AdditionalAccessEgressCalculator.java,9,31,37
Java,/tmp/clone_directory/jsprit-core/src/main/java/com/graphhopper/jsprit/core/algorithm/state/UpdatePracticalTimeWindows.java,14,22,37
Java,/tmp/clone_directory/jsprit-core/src/test/java/com/graphhopper/jsprit/core/algorithm/MaxTimeInVehicle_IT.java,11,21,37
Java,/tmp/clone_directory/jsprit-core/src/main/java/com/graphhopper/jsprit/core/algorithm/InsertionInitialSolutionFactory.java,13,17,36
Java,/tmp/clone_directory/jsprit-core/src/main/java/com/graphhopper/jsprit/core/algorithm/recreate/DellAmicoFixCostCalculator.java,11,17,36
Java,/tmp/clone_directory/jsprit-core/src/main/java/com/graphhopper/jsprit/core/algorithm/ruin/distance/AvgServiceAndShipmentDistance.java,9,30,35
Java,/tmp/clone_directory/jsprit-core/src/main/java/com/graphhopper/jsprit/core/algorithm/state/UpdateActivityTimes.java,11,33,35
Maven,/tmp/clone_directory/jsprit-analysis/pom.xml,7,17,34
Java,/tmp/clone_directory/jsprit-core/src/main/java/com/graphhopper/jsprit/core/problem/solution/route/activity/ActWithoutStaticLocation.java,13,17,34
Java,/tmp/clone_directory/jsprit-core/src/test/java/com/graphhopper/jsprit/core/problem/solution/route/activity/DefaultTourActivityFactoryTest.java,7,17,34
Markdown,/tmp/clone_directory/docs/Getting-Started.md,19,0,33
Java,/tmp/clone_directory/jsprit-core/src/main/java/com/graphhopper/jsprit/core/algorithm/VariablePlusFixedSolutionCostCalculatorFactory.java,8,24,33
Java,/tmp/clone_directory/jsprit-core/src/main/java/com/graphhopper/jsprit/core/algorithm/acceptor/GreedyAcceptance.java,10,29,33
Java,/tmp/clone_directory/jsprit-core/src/main/java/com/graphhopper/jsprit/core/algorithm/recreate/IncreasingAbsoluteFixedCosts.java,11,17,33
Java,/tmp/clone_directory/jsprit-core/src/main/java/com/graphhopper/jsprit/core/algorithm/state/UpdateMaxCapacityUtilisationAtRoute.java,11,27,33
Java,/tmp/clone_directory/jsprit-core/src/main/java/com/graphhopper/jsprit/core/problem/constraint/ServiceDeliveriesFirstConstraint.java,6,17,33
Java,/tmp/clone_directory/jsprit-core/src/test/java/com/graphhopper/jsprit/core/algorithm/ExampleActivityCostFunction.java,13,19,33
Java,/tmp/clone_directory/jsprit-core/src/test/java/com/graphhopper/jsprit/core/algorithm/recreate/TestComparator.java,6,20,33
Java,/tmp/clone_directory/jsprit-core/src/main/java/com/graphhopper/jsprit/core/algorithm/selector/SelectBest.java,9,17,32
Java,/tmp/clone_directory/jsprit-core/src/main/java/com/graphhopper/jsprit/core/algorithm/state/UpdateFutureWaitingTimes.java,10,22,32
Java,/tmp/clone_directory/jsprit-core/src/main/java/com/graphhopper/jsprit/core/problem/job/Break.java,13,36,32
Java,/tmp/clone_directory/jsprit-core/src/main/java/com/graphhopper/jsprit/core/problem/solution/route/activity/TimeWindowsImpl.java,7,20,32
Java,/tmp/clone_directory/jsprit-core/src/test/java/com/graphhopper/jsprit/core/algorithm/ExternalInitialSolutionIsInValidTest.java,15,20,32
Java,/tmp/clone_directory/jsprit-core/src/test/java/com/graphhopper/jsprit/core/util/RandomUtilsTest.java,10,20,32
Java,/tmp/clone_directory/jsprit-core/src/test/java/com/graphhopper/jsprit/core/algorithm/ruin/RuinBreakTest.java,5,20,31
Java,/tmp/clone_directory/jsprit-core/src/test/java/com/graphhopper/jsprit/core/algorithm/termination/TimeTerminationTest.java,5,20,31
Java,/tmp/clone_directory/jsprit-core/src/test/java/com/graphhopper/jsprit/core/util/GreatCircleDistanceCalculatorTest.java,10,20,31
Java,/tmp/clone_directory/jsprit-core/src/main/java/com/graphhopper/jsprit/core/algorithm/recreate/SolutionCompletenessRatio.java,12,20,30
Java,/tmp/clone_directory/jsprit-core/src/main/java/com/graphhopper/jsprit/core/algorithm/ruin/NearestNeighborhoodIterator.java,12,20,30
Java,/tmp/clone_directory/jsprit-core/src/main/java/com/graphhopper/jsprit/core/algorithm/state/UpdateSkills.java,10,20,30
Java,/tmp/clone_directory/jsprit-core/src/main/java/com/graphhopper/jsprit/core/util/RandomUtils.java,10,20,30
Java,/tmp/clone_directory/jsprit-core/src/test/java/com/graphhopper/jsprit/core/algorithm/ruin/distance/AvgServiceAndShipmentDistanceTest.java,6,17,30
Java,/tmp/clone_directory/jsprit-core/src/test/java/com/graphhopper/jsprit/core/algorithm/selector/SelectBestTest.java,9,17,30
Java,/tmp/clone_directory/jsprit-core/src/main/java/com/graphhopper/jsprit/core/algorithm/recreate/InsertBreakListener.java,7,20,29
Java,/tmp/clone_directory/jsprit-core/src/main/java/com/graphhopper/jsprit/core/algorithm/state/UpdateActivityNextLocations.java,11,24,29
Java,/tmp/clone_directory/jsprit-core/src/main/java/com/graphhopper/jsprit/core/algorithm/state/UpdateActivityPrevLocations.java,13,24,29
Java,/tmp/clone_directory/jsprit-core/src/main/java/com/graphhopper/jsprit/core/algorithm/RemoveEmptyVehicles.java,8,17,28
Java,/tmp/clone_directory/jsprit-core/src/main/java/com/graphhopper/jsprit/core/algorithm/recreate/ConfigureLocalActivityInsertionCalculator.java,10,20,28
Java,/tmp/clone_directory/jsprit-core/src/main/java/com/graphhopper/jsprit/core/algorithm/recreate/InsertActivity.java,12,20,28
Java,/tmp/clone_directory/jsprit-core/src/main/java/com/graphhopper/jsprit/core/algorithm/recreate/InsertBreak.java,12,20,28
Java,/tmp/clone_directory/jsprit-core/src/main/java/com/graphhopper/jsprit/core/algorithm/ruin/RuinBreaks.java,8,20,28
Java,/tmp/clone_directory/jsprit-core/src/main/java/com/graphhopper/jsprit/core/algorithm/ruin/distance/EuclideanServiceDistance.java,5,17,28
Java,/tmp/clone_directory/jsprit-core/src/main/java/com/graphhopper/jsprit/core/algorithm/selector/SelectRandomly.java,10,17,28
Java,/tmp/clone_directory/jsprit-core/src/main/java/com/graphhopper/jsprit/core/algorithm/state/UpdateMaxCapacityUtilisationAtActivitiesByLookingForwardInRoute.java,9,34,28
Java,/tmp/clone_directory/jsprit-core/src/main/java/com/graphhopper/jsprit/core/problem/constraint/HardSkillConstraint.java,8,20,28
Markdown,/tmp/clone_directory/docs/Vrp-with-pickups-and-deliveries.md,7,0,27
Java,/tmp/clone_directory/jsprit-core/src/main/java/com/graphhopper/jsprit/core/algorithm/box/GreedySchrimpfFactory.java,7,41,27
Java,/tmp/clone_directory/jsprit-core/src/main/java/com/graphhopper/jsprit/core/algorithm/ruin/StringUtil.java,5,20,27
Java,/tmp/clone_directory/jsprit-core/src/main/java/com/graphhopper/jsprit/core/algorithm/ruin/listener/RuinListeners.java,12,17,27
Java,/tmp/clone_directory/jsprit-core/src/main/java/com/graphhopper/jsprit/core/algorithm/state/UpdateMaxCapacityUtilisationAtActivitiesByLookingBackwardInRoute.java,9,23,27
Java,/tmp/clone_directory/jsprit-core/src/main/java/com/graphhopper/jsprit/core/problem/job/Delivery.java,12,34,27
Markdown,/tmp/clone_directory/docs/VRP-with-depot-bounded-pickups-and-deliveries.md,11,0,26
Java,/tmp/clone_directory/jsprit-core/src/main/java/com/graphhopper/jsprit/core/algorithm/ResetAndIniFleetManager.java,8,17,26
Java,/tmp/clone_directory/jsprit-core/src/main/java/com/graphhopper/jsprit/core/algorithm/recreate/JobInsertionCostsCalculatorLightFactory.java,8,30,26
Java,/tmp/clone_directory/jsprit-core/src/test/java/com/graphhopper/jsprit/core/algorithm/acceptor/GreedyAcceptanceTest.java,12,17,26
Java,/tmp/clone_directory/jsprit-core/src/test/java/com/graphhopper/jsprit/core/problem/solution/route/activity/DefaultShipmentActivityFactoryTest.java,5,17,26
Java,/tmp/clone_directory/jsprit-core/src/test/java/com/graphhopper/jsprit/core/util/CostFactory.java,8,35,26
Markdown,/tmp/clone_directory/docs/Meta-Heuristic.md,2,0,25
Java,/tmp/clone_directory/jsprit-core/src/main/java/com/graphhopper/jsprit/core/algorithm/recreate/SwitchVehicleListener.java,7,20,25
Java,/tmp/clone_directory/jsprit-core/src/main/java/com/graphhopper/jsprit/core/problem/job/Pickup.java,10,39,25
Java,/tmp/clone_directory/jsprit-core/src/main/java/com/graphhopper/jsprit/core/util/StopWatch.java,11,17,25
Markdown,/tmp/clone_directory/docs/Traveling salesman problem.md,4,0,24
Java,/tmp/clone_directory/jsprit-core/src/main/java/com/graphhopper/jsprit/core/algorithm/box/SchrimpfFactory.java,7,42,24
Java,/tmp/clone_directory/jsprit-core/src/main/java/com/graphhopper/jsprit/core/problem/misc/ActivityContext.java,11,60,24
Java,/tmp/clone_directory/jsprit-core/src/main/java/com/graphhopper/jsprit/core/util/SolutionVerifier.java,8,17,24
Markdown,/tmp/clone_directory/docs/Other-Projects.md,11,0,23
Java,/tmp/clone_directory/jsprit-core/src/main/java/com/graphhopper/jsprit/core/algorithm/termination/IterationWithoutImprovementTermination.java,11,31,23
Java,/tmp/clone_directory/jsprit-core/src/main/java/com/graphhopper/jsprit/core/problem/constraint/HardRouteLevelConstraintManager.java,9,17,23
Java,/tmp/clone_directory/jsprit-core/src/main/java/com/graphhopper/jsprit/core/problem/constraint/SoftActivityConstraintManager.java,8,17,23
Java,/tmp/clone_directory/jsprit-core/src/main/java/com/graphhopper/jsprit/core/problem/solution/route/activity/TourActivity.java,19,97,23
Java,/tmp/clone_directory/jsprit-core/src/test/java/com/graphhopper/jsprit/core/algorithm/CVRPwithDeliveries_IT.java,6,17,23
Java,/tmp/clone_directory/jsprit-core/src/test/java/com/graphhopper/jsprit/core/algorithm/CVRPwithPickups_IT.java,6,17,23
Java,/tmp/clone_directory/jsprit-core/src/test/java/com/graphhopper/jsprit/core/problem/solution/route/activity/TestRefs.java,11,17,23
Java,/tmp/clone_directory/jsprit-core/src/test/java/com/graphhopper/jsprit/core/problem/vehicle/VehicleTypeKeyTest.java,7,17,23
Maven,/tmp/clone_directory/jsprit-core/pom.xml,9,17,22
Java,/tmp/clone_directory/jsprit-core/src/main/java/com/graphhopper/jsprit/core/algorithm/recreate/SwitchVehicle.java,10,20,22
Java,/tmp/clone_directory/jsprit-core/src/main/java/com/graphhopper/jsprit/core/problem/constraint/SoftRouteConstraintManager.java,8,17,22
Java,/tmp/clone_directory/jsprit-core/src/test/java/com/graphhopper/jsprit/core/algorithm/PickupsAndDeliveries_IT.java,6,17,22
Java,/tmp/clone_directory/jsprit-core/src/test/java/com/graphhopper/jsprit/core/algorithm/Solomon_IT.java,7,20,22
Java,/tmp/clone_directory/jsprit-core/src/test/java/com/graphhopper/jsprit/core/problem/solution/route/activity/TimeWindowsImplTest.java,6,20,22
Markdown,/tmp/clone_directory/docs/More-Examples.md,5,0,21
Java,/tmp/clone_directory/jsprit-core/src/main/java/com/graphhopper/jsprit/core/algorithm/acceptor/AcceptNewRemoveFirst.java,8,26,21
Java,/tmp/clone_directory/jsprit-core/src/main/java/com/graphhopper/jsprit/core/algorithm/recreate/ActivityInsertionCostsCalculator.java,12,23,21
Java,/tmp/clone_directory/jsprit-core/src/main/java/com/graphhopper/jsprit/core/algorithm/recreate/VersionedInsertionData.java,10,20,21
Java,/tmp/clone_directory/jsprit-core/src/main/java/com/graphhopper/jsprit/core/problem/solution/route/activity/DefaultTourActivityFactory.java,4,17,21
Java,/tmp/clone_directory/jsprit-core/src/main/java/com/graphhopper/jsprit/core/util/GreatCircleDistanceCalculator.java,7,32,21
Java,/tmp/clone_directory/jsprit-core/src/main/java/com/graphhopper/jsprit/core/util/RandomNumberGeneration.java,10,17,21
Java,/tmp/clone_directory/jsprit-core/src/main/java/com/graphhopper/jsprit/core/algorithm/state/UpdateEndLocationIfRouteIsOpen.java,6,17,20
Java,/tmp/clone_directory/jsprit-core/src/main/java/com/graphhopper/jsprit/core/problem/cost/AbstractForwardVehicleRoutingTransportCosts.java,8,17,20
Java,/tmp/clone_directory/jsprit-core/src/main/java/com/graphhopper/jsprit/core/util/CrowFlyCosts.java,6,23,20
Java,/tmp/clone_directory/jsprit-core/src/main/java/com/graphhopper/jsprit/core/algorithm/state/InternalStates.java,19,17,19
Java,/tmp/clone_directory/jsprit-core/src/main/java/com/graphhopper/jsprit/core/problem/AbstractJob.java,9,23,19
Java,/tmp/clone_directory/jsprit-core/src/main/java/com/graphhopper/jsprit/core/problem/cost/WaitingTimeCosts.java,6,20,19
Java,/tmp/clone_directory/jsprit-core/src/main/java/com/graphhopper/jsprit/core/problem/vehicle/Vehicle.java,13,54,19
Java,/tmp/clone_directory/jsprit-core/src/main/java/com/graphhopper/jsprit/core/util/ArrayUtils.java,5,17,19
YAML,/tmp/clone_directory/.github/workflows/build.yml,3,0,18
Markdown,/tmp/clone_directory/NOTICE.md,13,0,18
Java,/tmp/clone_directory/jsprit-core/src/main/java/com/graphhopper/jsprit/core/algorithm/recreate/JobCalculatorSwitcher.java,8,17,18
Java,/tmp/clone_directory/jsprit-core/src/main/java/com/graphhopper/jsprit/core/algorithm/ruin/ReferencedJob.java,6,20,17
Java,/tmp/clone_directory/jsprit-core/src/main/java/com/graphhopper/jsprit/core/problem/constraint/ShipmentPickupsFirstConstraint.java,4,17,17
Java,/tmp/clone_directory/jsprit-core/src/main/java/com/graphhopper/jsprit/core/problem/constraint/SwitchNotFeasible.java,7,20,17
Java,/tmp/clone_directory/jsprit-core/src/main/java/com/graphhopper/jsprit/core/problem/vehicle/FiniteFleetManagerFactory.java,6,33,17
Java,/tmp/clone_directory/jsprit-core/src/main/java/com/graphhopper/jsprit/core/algorithm/recreate/EventListeners.java,6,20,16
Java,/tmp/clone_directory/jsprit-core/src/main/java/com/graphhopper/jsprit/core/algorithm/recreate/Scorer.java,4,22,16
Java,/tmp/clone_directory/jsprit-core/src/main/java/com/graphhopper/jsprit/core/algorithm/recreate/VehicleSwitched.java,7,17,16
Java,/tmp/clone_directory/jsprit-core/src/main/java/com/graphhopper/jsprit/core/algorithm/ruin/RadialRuinStrategyFactory.java,7,17,16
Java,/tmp/clone_directory/jsprit-core/src/main/java/com/graphhopper/jsprit/core/problem/cost/VehicleRoutingActivityCosts.java,12,36,16
Java,/tmp/clone_directory/jsprit-core/src/main/java/com/graphhopper/jsprit/core/algorithm/recreate/InsertActivityListener.java,4,20,15
Java,/tmp/clone_directory/jsprit-core/src/main/java/com/graphhopper/jsprit/core/algorithm/ruin/ClusterRuinStrategyFactory.java,5,0,15
Java,/tmp/clone_directory/jsprit-core/src/main/java/com/graphhopper/jsprit/core/problem/job/Job.java,13,44,15
Java,/tmp/clone_directory/jsprit-core/src/main/java/com/graphhopper/jsprit/core/util/BenchmarkInstance.java,3,17,15
Java,/tmp/clone_directory/jsprit-core/src/main/java/com/graphhopper/jsprit/core/algorithm/ruin/RandomRuinStrategyFactory.java,6,17,13
Java,/tmp/clone_directory/jsprit-core/src/main/java/com/graphhopper/jsprit/core/problem/solution/route/activity/DefaultShipmentActivityFactory.java,5,17,13
Java,/tmp/clone_directory/jsprit-core/src/main/java/com/graphhopper/jsprit/core/problem/vehicle/InfiniteFleetManagerFactory.java,7,30,13
Java,/tmp/clone_directory/jsprit-core/src/main/java/com/graphhopper/jsprit/core/util/Solutions.java,6,17,13
Java,/tmp/clone_directory/jsprit-core/src/test/java/com/graphhopper/jsprit/core/util/TestUtils.java,6,20,13
INI,/tmp/clone_directory/.editorconfig,2,0,11
Java,/tmp/clone_directory/jsprit-core/src/main/java/com/graphhopper/jsprit/core/algorithm/recreate/InsertionStrategy.java,10,28,11
Java,/tmp/clone_directory/jsprit-core/src/main/java/com/graphhopper/jsprit/core/algorithm/ruin/JobNeighborhoodsFactory.java,6,20,11
Java,/tmp/clone_directory/jsprit-core/src/main/java/com/graphhopper/jsprit/core/algorithm/ruin/RuinStrategy.java,10,32,11
Java,/tmp/clone_directory/jsprit-core/src/main/java/com/graphhopper/jsprit/core/problem/AbstractActivity.java,6,20,11
Java,/tmp/clone_directory/jsprit-core/src/main/java/com/graphhopper/jsprit/core/problem/solution/route/state/RouteAndActivityStateGetter.java,8,17,11
Java,/tmp/clone_directory/jsprit-core/src/main/java/com/graphhopper/jsprit/core/problem/vehicle/VehicleFleetManager.java,10,50,11
Java,/tmp/clone_directory/jsprit-core/src/main/java/com/graphhopper/jsprit/core/util/DistanceUnit.java,6,20,11
Java,/tmp/clone_directory/jsprit-core/src/main/java/com/graphhopper/jsprit/core/util/TimeUnit.java,6,20,11
Markdown,/tmp/clone_directory/docs/VRP-with-backhauls-example.md,5,0,10
Java,/tmp/clone_directory/jsprit-core/src/main/java/com/graphhopper/jsprit/core/algorithm/recreate/BreakInsertionCalculatorFactory.java,3,17,10
Java,/tmp/clone_directory/jsprit-core/src/main/java/com/graphhopper/jsprit/core/algorithm/recreate/ServiceInsertionCalculatorFactory.java,3,17,10
Java,/tmp/clone_directory/jsprit-core/src/main/java/com/graphhopper/jsprit/core/algorithm/recreate/ShipmentInsertionCalculatorFactory.java,3,17,10
Java,/tmp/clone_directory/jsprit-core/src/main/java/com/graphhopper/jsprit/core/algorithm/ruin/listener/RuinListener.java,8,39,10
Java,/tmp/clone_directory/jsprit-core/src/main/java/com/graphhopper/jsprit/core/problem/vehicle/VehicleType.java,9,45,10
Markdown,/tmp/clone_directory/docs/Classical-Problems-Examples.md,0,0,9
Java,/tmp/clone_directory/jsprit-core/src/main/java/com/graphhopper/jsprit/core/algorithm/recreate/AccordingToPriorities.java,6,20,9
Java,/tmp/clone_directory/jsprit-core/src/main/java/com/graphhopper/jsprit/core/problem/constraint/HardActivityConstraint.java,7,67,9
Java,/tmp/clone_directory/jsprit-core/src/main/java/com/graphhopper/jsprit/core/problem/solution/route/activity/Activities.java,3,17,9
Java,/tmp/clone_directory/jsprit-core/src/main/java/com/graphhopper/jsprit/core/util/CalculationUtils.java,6,24,9
Markdown,/tmp/clone_directory/docs/Home.md,8,0,8
Java,/tmp/clone_directory/jsprit-core/src/main/java/com/graphhopper/jsprit/core/algorithm/SearchStrategyModule.java,7,17,8
Java,/tmp/clone_directory/jsprit-core/src/main/java/com/graphhopper/jsprit/core/algorithm/listener/AlgorithmStartsListener.java,6,17,8
Java,/tmp/clone_directory/jsprit-core/src/main/java/com/graphhopper/jsprit/core/algorithm/listener/StrategySelectedListener.java,6,17,8
Java,/tmp/clone_directory/jsprit-core/src/main/java/com/graphhopper/jsprit/core/algorithm/recreate/JobInsertionCostsCalculator.java,5,17,8
Java,/tmp/clone_directory/jsprit-core/src/main/java/com/graphhopper/jsprit/core/algorithm/ruin/JobNeighborhoods.java,8,20,8
Java,/tmp/clone_directory/jsprit-core/src/main/java/com/graphhopper/jsprit/core/util/EuclideanDistanceCalculator.java,4,17,8
Java,/tmp/clone_directory/jsprit-core/src/main/java/com/graphhopper/jsprit/core/util/VehicleIndexComparator.java,4,17,8
Java,/tmp/clone_directory/jsprit-core/src/main/java/com/graphhopper/jsprit/core/algorithm/listener/AlgorithmEndsListener.java,6,17,7
Java,/tmp/clone_directory/jsprit-core/src/main/java/com/graphhopper/jsprit/core/algorithm/listener/IterationEndsListener.java,7,17,7
Java,/tmp/clone_directory/jsprit-core/src/main/java/com/graphhopper/jsprit/core/algorithm/listener/IterationStartsListener.java,7,17,7
Java,/tmp/clone_directory/jsprit-core/src/main/java/com/graphhopper/jsprit/core/algorithm/recreate/JobInsertionCostsCalculatorFactory.java,5,17,7
Java,/tmp/clone_directory/jsprit-core/src/main/java/com/graphhopper/jsprit/core/algorithm/recreate/NoSolutionFoundException.java,4,20,7
Java,/tmp/clone_directory/jsprit-core/src/main/java/com/graphhopper/jsprit/core/algorithm/recreate/listener/BeforeJobInsertionListener.java,4,17,7
Java,/tmp/clone_directory/jsprit-core/src/main/java/com/graphhopper/jsprit/core/algorithm/recreate/listener/InsertionEndsListener.java,5,17,7
Java,/tmp/clone_directory/jsprit-core/src/main/java/com/graphhopper/jsprit/core/algorithm/recreate/listener/InsertionStartsListener.java,6,17,7
Java,/tmp/clone_directory/jsprit-core/src/main/java/com/graphhopper/jsprit/core/algorithm/recreate/listener/JobInsertedListener.java,4,17,7
Java,/tmp/clone_directory/jsprit-core/src/main/java/com/graphhopper/jsprit/core/problem/cost/BackwardTransportCost.java,4,17,7
Java,/tmp/clone_directory/jsprit-core/src/main/java/com/graphhopper/jsprit/core/problem/cost/BackwardTransportTime.java,4,17,7
Java,/tmp/clone_directory/jsprit-core/src/main/java/com/graphhopper/jsprit/core/problem/cost/ForwardTransportCost.java,4,17,7
Java,/tmp/clone_directory/jsprit-core/src/main/java/com/graphhopper/jsprit/core/problem/cost/ForwardTransportTime.java,4,17,7
Java,/tmp/clone_directory/jsprit-core/src/main/java/com/graphhopper/jsprit/core/problem/solution/route/activity/ActivityStartAsSoonAsArrived.java,3,20,7
Java,/tmp/clone_directory/jsprit-core/src/main/java/com/graphhopper/jsprit/core/problem/solution/route/activity/ActivityStartsAsSoonAsTimeWindowOpens.java,4,20,7
Java,/tmp/clone_directory/jsprit-core/src/main/java/com/graphhopper/jsprit/core/problem/solution/route/activity/ActivityVisitor.java,7,17,7
Java,/tmp/clone_directory/jsprit-core/src/main/java/com/graphhopper/jsprit/core/problem/solution/route/activity/ReverseActivityVisitor.java,7,17,7
Java,/tmp/clone_directory/jsprit-core/src/main/java/com/graphhopper/jsprit/core/problem/solution/route/activity/TourShipmentActivityFactory.java,5,17,7
Java,/tmp/clone_directory/jsprit-core/src/main/java/com/graphhopper/jsprit/core/util/ManhattanDistanceCalculator.java,4,17,7
Java,/tmp/clone_directory/jsprit-core/src/test/java/com/graphhopper/jsprit/core/problem/vehicle/FiniteVehicleFleetManagerFactoryTest.java,5,18,7
Java,/tmp/clone_directory/jsprit-core/src/main/java/com/graphhopper/jsprit/core/algorithm/acceptor/SolutionAcceptor.java,7,31,6
Java,/tmp/clone_directory/jsprit-core/src/main/java/com/graphhopper/jsprit/core/algorithm/recreate/JobInsertionCostsCalculatorLight.java,5,17,6
Java,/tmp/clone_directory/jsprit-core/src/main/java/com/graphhopper/jsprit/core/algorithm/recreate/listener/JobUnassignedListener.java,6,20,6
Java,/tmp/clone_directory/jsprit-core/src/main/java/com/graphhopper/jsprit/core/algorithm/recreate/listener/VehicleSwitchedListener.java,4,17,6
Java,/tmp/clone_directory/jsprit-core/src/main/java/com/graphhopper/jsprit/core/algorithm/selector/SolutionSelector.java,6,17,6
Java,/tmp/clone_directory/jsprit-core/src/main/java/com/graphhopper/jsprit/core/problem/JobActivityFactory.java,6,20,6
Java,/tmp/clone_directory/jsprit-core/src/main/java/com/graphhopper/jsprit/core/problem/constraint/SoftActivityConstraint.java,4,17,6
Java,/tmp/clone_directory/jsprit-core/src/main/java/com/graphhopper/jsprit/core/problem/cost/TransportDistance.java,5,20,6
Java,/tmp/clone_directory/jsprit-core/src/main/java/com/graphhopper/jsprit/core/problem/solution/route/activity/TourActivityFactory.java,4,17,6
Java,/tmp/clone_directory/jsprit-core/src/main/java/com/graphhopper/jsprit/core/algorithm/recreate/InsertionStrategyFactory.java,4,17,5
Java,/tmp/clone_directory/jsprit-core/src/main/java/com/graphhopper/jsprit/core/algorithm/recreate/ScoringFunction.java,5,20,5
Java,/tmp/clone_directory/jsprit-core/src/main/java/com/graphhopper/jsprit/core/algorithm/ruin/RuinStrategyFactory.java,4,17,5
Java,/tmp/clone_directory/jsprit-core/src/main/java/com/graphhopper/jsprit/core/algorithm/ruin/distance/JobDistance.java,5,17,5
Java,/tmp/clone_directory/jsprit-core/src/main/java/com/graphhopper/jsprit/core/algorithm/termination/PrematureAlgorithmTermination.java,4,26,5
Java,/tmp/clone_directory/jsprit-core/src/main/java/com/graphhopper/jsprit/core/problem/constraint/HardRouteConstraint.java,4,30,5
Java,/tmp/clone_directory/jsprit-core/src/main/java/com/graphhopper/jsprit/core/problem/constraint/SoftRouteConstraint.java,4,17,5
Java,/tmp/clone_directory/jsprit-core/src/main/java/com/graphhopper/jsprit/core/problem/solution/InitialSolutionFactory.java,4,28,5
Java,/tmp/clone_directory/jsprit-core/src/main/java/com/graphhopper/jsprit/core/problem/solution/route/activity/TimeWindows.java,5,20,5
Java,/tmp/clone_directory/jsprit-analysis/src/main/java/com/graphhopper/jsprit/analysis/toolbox/NoLocationFoundException.java,3,20,4
Java,/tmp/clone_directory/jsprit-core/src/main/java/com/graphhopper/jsprit/core/algorithm/recreate/EventListener.java,4,20,4
Java,/tmp/clone_directory/jsprit-core/src/main/java/com/graphhopper/jsprit/core/algorithm/recreate/listener/InsertionListener.java,5,17,4
Java,/tmp/clone_directory/jsprit-core/src/main/java/com/graphhopper/jsprit/core/algorithm/ruin/RuinShareFactory.java,4,17,4
Java,/tmp/clone_directory/jsprit-core/src/main/java/com/graphhopper/jsprit/core/algorithm/state/StateId.java,4,20,4
Java,/tmp/clone_directory/jsprit-core/src/main/java/com/graphhopper/jsprit/core/problem/HasId.java,4,20,4
Java,/tmp/clone_directory/jsprit-core/src/main/java/com/graphhopper/jsprit/core/problem/HasIndex.java,4,20,4
Java,/tmp/clone_directory/jsprit-core/src/main/java/com/graphhopper/jsprit/core/problem/constraint/DependencyType.java,4,20,4
Java,/tmp/clone_directory/jsprit-core/src/main/java/com/graphhopper/jsprit/core/problem/driver/Driver.java,3,17,4
Java,/tmp/clone_directory/jsprit-core/src/main/java/com/graphhopper/jsprit/core/problem/solution/SolutionCostCalculator.java,3,30,4
Java,/tmp/clone_directory/jsprit-core/src/main/java/com/graphhopper/jsprit/core/problem/solution/route/RouteVisitor.java,4,17,4
Java,/tmp/clone_directory/jsprit-core/src/main/java/com/graphhopper/jsprit/core/problem/solution/route/activity/ActivityStartStrategy.java,4,20,4
Java,/tmp/clone_directory/jsprit-core/src/main/java/com/graphhopper/jsprit/core/problem/vehicle/VehicleFleetManagerFactory.java,3,17,4
Java,/tmp/clone_directory/jsprit-core/src/main/java/com/graphhopper/jsprit/core/util/Locations.java,4,17,4
Java,/tmp/clone_directory/jsprit-core/src/main/java/com/graphhopper/jsprit/core/util/NoiseMaker.java,4,20,4
Java,/tmp/clone_directory/jsprit-core/src/test/java/com/graphhopper/jsprit/core/util/JobType.java,3,20,4
Java,/tmp/clone_directory/jsprit-core/src/main/java/com/graphhopper/jsprit/core/algorithm/listener/SearchStrategyListener.java,2,17,3
Java,/tmp/clone_directory/jsprit-core/src/main/java/com/graphhopper/jsprit/core/algorithm/listener/SearchStrategyModuleListener.java,2,17,3
Java,/tmp/clone_directory/jsprit-core/src/main/java/com/graphhopper/jsprit/core/algorithm/listener/VehicleRoutingAlgorithmListener.java,2,17,3
Java,/tmp/clone_directory/jsprit-core/src/main/java/com/graphhopper/jsprit/core/algorithm/recreate/Event.java,2,20,3
Java,/tmp/clone_directory/jsprit-core/src/main/java/com/graphhopper/jsprit/core/algorithm/state/StateUpdater.java,2,17,3
Java,/tmp/clone_directory/jsprit-core/src/main/java/com/graphhopper/jsprit/core/problem/constraint/Constraint.java,2,17,3
Java,/tmp/clone_directory/jsprit-core/src/main/java/com/graphhopper/jsprit/core/problem/constraint/HardConstraint.java,2,17,3
Java,/tmp/clone_directory/jsprit-core/src/main/java/com/graphhopper/jsprit/core/problem/constraint/SoftConstraint.java,2,17,3
Java,/tmp/clone_directory/jsprit-core/src/main/java/com/graphhopper/jsprit/core/problem/cost/TransportCost.java,3,17,3
Java,/tmp/clone_directory/jsprit-core/src/main/java/com/graphhopper/jsprit/core/problem/cost/TransportTime.java,3,17,3
Java,/tmp/clone_directory/jsprit-core/src/main/java/com/graphhopper/jsprit/core/problem/cost/VehicleRoutingTransportCosts.java,4,25,3
Java,/tmp/clone_directory/jsprit-core/src/main/java/com/graphhopper/jsprit/core/problem/solution/route/activity/DeliveryActivity.java,3,17,3
Java,/tmp/clone_directory/jsprit-core/src/main/java/com/graphhopper/jsprit/core/problem/solution/route/activity/PickupActivity.java,3,17,3
Java,/tmp/clone_directory/jsprit-core/src/test/java/com/graphhopper/jsprit/core/algorithm/state/UpdateVariableCostsTest.java,2,17,3
Java,/tmp/clone_directory/jsprit-core/src/test/java/com/graphhopper/jsprit/core/problem/solution/route/activity/TimeWindowTest.java,2,17,3
Markdown,/tmp/clone_directory/docs/Acknowledgement.md,1,0,2
Markdown,/tmp/clone_directory/docs/Dial-a-ride-problem.md,0,0,1
SUM,,9570,11990,35548
