language,filename,blank,comment,code,"github.com/AlDanial/cloc v 1.98  T=0.32 s (2316.9 files/s 278975.5 lines/s)"
Text,/tmp/clone_directory/src/test/resources/net/fortuna/ical4j/transform/outlook2.txt,0,0,2423
YAML,/tmp/clone_directory/.palantir/revapi.yml,0,0,2089
Bourne Shell,/tmp/clone_directory/etc/codecov.sh,166,113,1605
Java,/tmp/clone_directory/src/main/java/net/fortuna/ical4j/model/Recur.java,182,323,865
Text,/tmp/clone_directory/src/test/resources/net/fortuna/ical4j/transform/yahoo2.txt,0,0,558
Java,/tmp/clone_directory/src/test/java/net/fortuna/ical4j/model/RecurTest.java,156,295,483
Java,/tmp/clone_directory/src/test/java/net/fortuna/ical4j/model/component/VEventTest.java,123,224,432
Groovy,/tmp/clone_directory/src/test/groovy/net/fortuna/ical4j/model/RecurSpec.groovy,72,37,412
Java,/tmp/clone_directory/src/main/java/net/fortuna/ical4j/data/HCalendarParser.java,59,145,341
Java,/tmp/clone_directory/src/main/java/net/fortuna/ical4j/data/CalendarParserImpl.java,103,250,308
Java,/tmp/clone_directory/src/main/java/net/fortuna/ical4j/model/Dur.java,59,162,307
Java,/tmp/clone_directory/src/test/java/net/fortuna/ical4j/model/component/VFreeBusyTest.java,94,120,291
Java,/tmp/clone_directory/src/main/java/net/fortuna/ical4j/model/component/VEvent.java,58,344,282
Java,/tmp/clone_directory/src/test/java/net/fortuna/ical4j/model/TimeZoneTest.java,57,141,264
Java,/tmp/clone_directory/src/main/java/net/fortuna/ical4j/model/CalendarDateFormatFactory.java,66,95,262
Java,/tmp/clone_directory/src/test/java/net/fortuna/ical4j/model/PeriodListTest.java,69,195,245
Java,/tmp/clone_directory/src/main/java/net/fortuna/ical4j/model/DateList.java,51,121,239
Markdown,/tmp/clone_directory/CHANGELOG.md,198,0,232
Text,/tmp/clone_directory/src/test/resources/net/fortuna/ical4j/transform/outlook/TZ-no-description.txt,0,0,231
Text,/tmp/clone_directory/src/test/resources/net/fortuna/ical4j/transform/outlook/TZ-set-to-utc.txt,0,0,231
Java,/tmp/clone_directory/src/test/java/net/fortuna/ical4j/model/PeriodTest.java,78,324,230
Text,/tmp/clone_directory/src/test/resources/net/fortuna/ical4j/transform/yahoo1.txt,0,0,225
Java,/tmp/clone_directory/src/main/java/net/fortuna/ical4j/model/component/VFreeBusy.java,61,312,222
SVG,/tmp/clone_directory/etc/artwork/logo.svg,1,1,214
Java,/tmp/clone_directory/src/main/java/net/fortuna/ical4j/model/TimeZoneLoader.java,58,7,213
Java,/tmp/clone_directory/src/main/java/net/fortuna/ical4j/model/DateTime.java,45,304,210
Java,/tmp/clone_directory/src/main/java/net/fortuna/ical4j/model/PeriodList.java,39,164,208
Java,/tmp/clone_directory/src/main/java/net/fortuna/ical4j/model/component/VToDo.java,46,202,208
Java,/tmp/clone_directory/src/main/java/net/fortuna/ical4j/model/Period.java,34,156,206
Markdown,/tmp/clone_directory/README.md,103,0,201
Groovy,/tmp/clone_directory/src/test/groovy/net/fortuna/ical4j/agent/VToDoUserAgentTest.groovy,36,0,192
Java,/tmp/clone_directory/src/main/java/net/fortuna/ical4j/data/DefaultContentHandler.java,45,27,188
Java,/tmp/clone_directory/src/main/java/net/fortuna/ical4j/filter/FilterExpressionParser.java,23,7,188
Groovy,/tmp/clone_directory/src/test/groovy/net/fortuna/ical4j/agent/VFreeBusyUserAgentTest.groovy,36,0,185
Groovy,/tmp/clone_directory/src/test/groovy/net/fortuna/ical4j/agent/VEventUserAgentTest.groovy,36,0,183
Gradle,/tmp/clone_directory/build.gradle,44,21,178
Java,/tmp/clone_directory/src/main/java/net/fortuna/ical4j/model/Property.java,96,318,177
Groovy,/tmp/clone_directory/src/test/groovy/net/fortuna/ical4j/model/TemporalAmountAdapterTest.groovy,46,4,174
Java,/tmp/clone_directory/src/main/java/net/fortuna/ical4j/model/Component.java,58,177,173
Java,/tmp/clone_directory/src/main/java/net/fortuna/ical4j/model/TemporalAmountAdapter.java,21,22,168
Java,/tmp/clone_directory/src/main/java/net/fortuna/ical4j/model/WeekDay.java,29,118,165
Java,/tmp/clone_directory/src/test/java/net/fortuna/ical4j/model/DateTimeTest.java,43,91,165
Groovy,/tmp/clone_directory/src/test/groovy/net/fortuna/ical4j/agent/VJournalUserAgentTest.groovy,35,0,164
Java,/tmp/clone_directory/src/main/java/net/fortuna/ical4j/validate/PropertyValidator.java,67,924,161
Java,/tmp/clone_directory/src/test/java/net/fortuna/ical4j/model/DurTest.java,41,87,157
Java,/tmp/clone_directory/src/main/java/net/fortuna/ical4j/model/component/Observance.java,34,122,154
Groovy,/tmp/clone_directory/src/test/groovy/net/fortuna/ical4j/model/DateTimeSpec.groovy,35,35,147
Java,/tmp/clone_directory/src/test/java/net/fortuna/ical4j/data/CalendarBuilderTimezoneTest.java,25,52,146
Java,/tmp/clone_directory/src/main/java/net/fortuna/ical4j/model/TimeZone.java,26,78,143
Java,/tmp/clone_directory/src/main/java/net/fortuna/ical4j/util/Dates.java,27,164,142
Java,/tmp/clone_directory/src/test/java/net/fortuna/ical4j/model/PropertyTest.java,31,84,142
Groovy,/tmp/clone_directory/src/test/groovy/net/fortuna/ical4j/filter/ComponentFilterTest.groovy,34,0,139
Java,/tmp/clone_directory/src/main/java/net/fortuna/ical4j/transform/recurrence/ByDayRule.java,25,16,135
Groovy,/tmp/clone_directory/src/test/groovy/net/fortuna/ical4j/model/TimeZoneSpec.groovy,30,49,131
Java,/tmp/clone_directory/src/test/java/net/fortuna/ical4j/model/CalendarTest.java,35,42,130
Java,/tmp/clone_directory/src/main/java/net/fortuna/ical4j/model/ParameterList.java,24,114,129
Groovy,/tmp/clone_directory/src/main/groovy/net/fortuna/ical4j/model/ContentBuilder.groovy,12,44,128
Java,/tmp/clone_directory/src/main/java/net/fortuna/ical4j/model/property/Attach.java,25,122,127
Bourne Shell,/tmp/clone_directory/gradlew,23,36,126
Text,/tmp/clone_directory/src/test/resources/net/fortuna/ical4j/transform/apple.txt,0,0,125
Java,/tmp/clone_directory/src/main/java/net/fortuna/ical4j/validate/ComponentValidator.java,28,45,124
Java,/tmp/clone_directory/src/test/java/net/fortuna/ical4j/util/CalendarsTest.java,31,87,124
Java,/tmp/clone_directory/src/test/java/net/fortuna/ical4j/filter/predicate/PeriodRuleTest.java,29,90,123
Java,/tmp/clone_directory/src/main/java/net/fortuna/ical4j/data/UnfoldingReader.java,25,90,122
Java,/tmp/clone_directory/src/main/java/net/fortuna/ical4j/filter/AbstractFilter.java,21,86,121
Java,/tmp/clone_directory/src/main/java/net/fortuna/ical4j/model/property/Version.java,31,83,119
Java,/tmp/clone_directory/src/main/java/net/fortuna/ical4j/util/Constants.java,4,51,117
Java,/tmp/clone_directory/src/main/java/net/fortuna/ical4j/transform/recurrence/ByMonthDayRule.java,19,12,115
Java,/tmp/clone_directory/src/main/java/net/fortuna/ical4j/model/property/Priority.java,30,156,114
Java,/tmp/clone_directory/src/test/java/net/fortuna/ical4j/model/ComponentTest.java,20,72,114
Java,/tmp/clone_directory/src/main/java/net/fortuna/ical4j/model/TimeZoneUpdater.java,26,40,113
Java,/tmp/clone_directory/src/test/java/net/fortuna/ical4j/model/CalendarDateFormatFactoryTest.java,39,61,113
Java,/tmp/clone_directory/src/main/java/net/fortuna/ical4j/model/property/DateProperty.java,25,119,111
Java,/tmp/clone_directory/src/main/java/net/fortuna/ical4j/util/Calendars.java,18,90,111
Java,/tmp/clone_directory/src/main/java/net/fortuna/ical4j/model/component/VJournal.java,30,152,110
Java,/tmp/clone_directory/src/main/java/net/fortuna/ical4j/model/Calendar.java,29,180,109
Java,/tmp/clone_directory/src/main/java/net/fortuna/ical4j/model/TimeZoneRegistryImpl.java,19,69,109
Java,/tmp/clone_directory/src/main/java/net/fortuna/ical4j/model/property/RequestStatus.java,36,94,109
Java,/tmp/clone_directory/src/main/java/net/fortuna/ical4j/model/property/Trigger.java,23,180,106
Groovy,/tmp/clone_directory/src/test/groovy/net/fortuna/ical4j/data/CalendarParserImplSpec.groovy,20,32,105
Java,/tmp/clone_directory/src/main/java/net/fortuna/ical4j/data/DefaultPropertyFactorySupplier.java,10,3,102
Groovy,/tmp/clone_directory/src/test/groovy/net/fortuna/ical4j/model/ContentBuilderTest.groovy,26,39,102
Java,/tmp/clone_directory/src/main/java/net/fortuna/ical4j/model/Parameter.java,46,165,100
Java,/tmp/clone_directory/src/main/java/net/fortuna/ical4j/model/component/VTimeZone.java,24,150,100
Groovy,/tmp/clone_directory/src/test/groovy/net/fortuna/ical4j/model/ContentBuilderSpec.groovy,20,35,100
Java,/tmp/clone_directory/src/main/java/net/fortuna/ical4j/model/property/Geo.java,25,160,98
Java,/tmp/clone_directory/src/main/java/net/fortuna/ical4j/model/DateRange.java,23,109,96
Java,/tmp/clone_directory/src/main/java/net/fortuna/ical4j/transform/rfc5545/TzHelper.java,13,23,96
Java,/tmp/clone_directory/src/main/java/net/fortuna/ical4j/model/property/Status.java,32,159,94
Markdown,/tmp/clone_directory/CODE_OF_CONDUCT.md,35,0,93
Java,/tmp/clone_directory/src/main/java/net/fortuna/ical4j/model/property/Method.java,30,90,93
Groovy,/tmp/clone_directory/src/test/groovy/net/fortuna/ical4j/data/DefaultContentHandlerTest.groovy,15,0,93
Java,/tmp/clone_directory/src/main/java/net/fortuna/ical4j/transform/recurrence/ByYearDayRule.java,16,10,92
Groovy,/tmp/clone_directory/src/main/groovy/net/fortuna/ical4j/model/property/StatusFactory.groovy,4,39,91
XML,/tmp/clone_directory/etc/checkstyle.xml,0,7,90
Java,/tmp/clone_directory/src/test/java/net/fortuna/ical4j/data/CalendarOutputterTest.java,23,62,90
Groovy,/tmp/clone_directory/src/test/groovy/net/fortuna/ical4j/model/VEventRecurrenceParametrizedTest.groovy,15,0,89
Java,/tmp/clone_directory/src/test/java/net/fortuna/ical4j/data/CalendarEqualsTest.java,21,63,89
Java,/tmp/clone_directory/src/main/java/net/fortuna/ical4j/filter/Filter.java,16,83,87
Java,/tmp/clone_directory/src/main/java/net/fortuna/ical4j/filter/FilterTarget.java,25,32,86
Java,/tmp/clone_directory/src/main/java/net/fortuna/ical4j/model/component/VAlarm.java,23,229,86
Java,/tmp/clone_directory/src/main/java/net/fortuna/ical4j/model/UtcOffset.java,29,64,85
Java,/tmp/clone_directory/src/main/java/net/fortuna/ical4j/model/property/Action.java,28,77,85
Java,/tmp/clone_directory/src/main/java/net/fortuna/ical4j/model/property/RDate.java,21,162,85
Java,/tmp/clone_directory/src/main/java/net/fortuna/ical4j/model/component/Participant.java,40,148,84
Java,/tmp/clone_directory/src/main/java/net/fortuna/ical4j/model/property/StructuredData.java,18,59,82
Java,/tmp/clone_directory/src/main/java/net/fortuna/ical4j/model/property/Xml.java,18,52,82
Java,/tmp/clone_directory/src/main/java/net/fortuna/ical4j/transform/recurrence/ByMonthRule.java,16,8,82
Groovy,/tmp/clone_directory/src/test/groovy/net/fortuna/ical4j/model/DurSpec.groovy,22,31,81
Java,/tmp/clone_directory/src/test/java/net/fortuna/ical4j/model/property/CategoriesTest.java,24,65,80
Java,/tmp/clone_directory/src/main/java/net/fortuna/ical4j/model/property/DateListProperty.java,19,87,79
Groovy,/tmp/clone_directory/src/test/groovy/net/fortuna/ical4j/transform/recurrence/ByDayRuleTest.groovy,18,2,79
Groovy,/tmp/clone_directory/src/test/groovy/net/fortuna/ical4j/model/ComponentGroupTest.groovy,22,3,78
Java,/tmp/clone_directory/src/test/java/net/fortuna/ical4j/filter/FilterTest.java,24,68,78
Java,/tmp/clone_directory/src/test/java/net/fortuna/ical4j/transform/Rfc5545TransformerTest.java,13,0,78
Java,/tmp/clone_directory/src/main/java/net/fortuna/ical4j/model/property/Clazz.java,24,120,77
Java,/tmp/clone_directory/src/main/java/net/fortuna/ical4j/model/property/Link.java,21,72,77
Java,/tmp/clone_directory/src/main/java/net/fortuna/ical4j/model/property/Transp.java,24,111,77
DOS Batch,/tmp/clone_directory/gradlew.bat,26,2,76
Groovy,/tmp/clone_directory/src/main/groovy/net/fortuna/ical4j/model/property/MethodFactory.groovy,4,39,76
Java,/tmp/clone_directory/src/main/java/net/fortuna/ical4j/model/property/BusyType.java,25,88,76
Java,/tmp/clone_directory/src/main/java/net/fortuna/ical4j/model/property/TzOffsetFrom.java,22,76,76
Java,/tmp/clone_directory/src/main/java/net/fortuna/ical4j/model/property/TzOffsetTo.java,22,76,76
Java,/tmp/clone_directory/src/main/java/net/fortuna/ical4j/model/parameter/Value.java,40,85,75
Java,/tmp/clone_directory/src/main/java/net/fortuna/ical4j/model/property/Attendee.java,21,78,75
Java,/tmp/clone_directory/src/main/java/net/fortuna/ical4j/model/property/Sequence.java,20,147,75
Java,/tmp/clone_directory/src/main/java/net/fortuna/ical4j/data/ContentHandlerContext.java,18,3,74
Java,/tmp/clone_directory/src/main/java/net/fortuna/ical4j/model/property/Duration.java,22,135,74
Java,/tmp/clone_directory/src/main/java/net/fortuna/ical4j/validate/ValidationRule.java,22,16,74
Java,/tmp/clone_directory/src/main/java/net/fortuna/ical4j/model/ParameterCodec.java,23,14,73
Java,/tmp/clone_directory/src/test/java/net/fortuna/ical4j/model/component/CalendarComponentTest.java,17,73,73
Java,/tmp/clone_directory/src/main/java/net/fortuna/ical4j/data/CalendarBuilder.java,22,110,71
Java,/tmp/clone_directory/src/main/java/net/fortuna/ical4j/model/NumberList.java,16,79,71
Java,/tmp/clone_directory/src/main/java/net/fortuna/ical4j/model/property/Organizer.java,20,153,71
Java,/tmp/clone_directory/src/main/java/net/fortuna/ical4j/model/property/RelatedTo.java,19,90,71
Groovy,/tmp/clone_directory/src/test/groovy/net/fortuna/ical4j/model/property/StructuredDataTest.groovy,12,32,71
Java,/tmp/clone_directory/src/test/java/net/fortuna/ical4j/data/CalendarBuilderTest.java,19,78,71
Java,/tmp/clone_directory/src/test/java/net/fortuna/ical4j/model/property/AttachTest.java,26,53,71
Java,/tmp/clone_directory/src/main/java/net/fortuna/ical4j/model/property/LocationType.java,21,94,70
Java,/tmp/clone_directory/src/main/java/net/fortuna/ical4j/model/property/RRule.java,20,70,70
Java,/tmp/clone_directory/src/main/java/net/fortuna/ical4j/filter/FilterExpression.java,22,4,69
Java,/tmp/clone_directory/src/main/java/net/fortuna/ical4j/model/property/CalScale.java,22,71,69
Java,/tmp/clone_directory/src/main/java/net/fortuna/ical4j/model/property/FreeBusy.java,19,127,69
Java,/tmp/clone_directory/src/main/java/net/fortuna/ical4j/model/PropertyBuilder.java,19,13,68
Java,/tmp/clone_directory/src/main/java/net/fortuna/ical4j/model/property/CalendarAddress.java,21,82,68
Java,/tmp/clone_directory/src/main/java/net/fortuna/ical4j/transform/recurrence/BySecondRule.java,13,5,68
Java,/tmp/clone_directory/src/test/java/net/fortuna/ical4j/model/property/ExDateTest.java,15,52,68
Java,/tmp/clone_directory/src/main/java/net/fortuna/ical4j/model/property/TzUrl.java,19,102,67
Java,/tmp/clone_directory/src/main/java/net/fortuna/ical4j/model/property/Url.java,19,102,67
Java,/tmp/clone_directory/src/main/java/net/fortuna/ical4j/util/Configurator.java,11,48,67
Java,/tmp/clone_directory/src/main/java/net/fortuna/ical4j/model/ComponentFactoryImpl.java,10,71,66
Java,/tmp/clone_directory/src/main/java/net/fortuna/ical4j/transform/recurrence/ByHourRule.java,14,5,66
Java,/tmp/clone_directory/src/main/java/net/fortuna/ical4j/transform/recurrence/ByMinuteRule.java,14,5,66
XML,/tmp/clone_directory/src/main/assembly/bin-assembly.xml,7,26,65
XML,/tmp/clone_directory/src/main/assembly/src-assembly.xml,7,26,65
Java,/tmp/clone_directory/src/main/java/net/fortuna/ical4j/model/component/CalendarComponent.java,18,101,65
Groovy,/tmp/clone_directory/src/test/groovy/net/fortuna/ical4j/model/property/RDateSpec.groovy,22,31,64
Java,/tmp/clone_directory/src/test/java/net/fortuna/ical4j/model/component/VAvailabilityTestCase.java,5,34,64
Java,/tmp/clone_directory/src/main/java/net/fortuna/ical4j/model/property/ExRule.java,19,68,63
Java,/tmp/clone_directory/src/main/java/net/fortuna/ical4j/model/property/PercentComplete.java,19,69,63
Java,/tmp/clone_directory/src/main/java/net/fortuna/ical4j/model/property/Repeat.java,19,66,63
Java,/tmp/clone_directory/src/main/java/net/fortuna/ical4j/model/property/XProperty.java,17,61,63
Java,/tmp/clone_directory/src/main/java/net/fortuna/ical4j/validate/RecurValidator.java,4,78,63
Java,/tmp/clone_directory/src/main/java/net/fortuna/ical4j/model/component/VAvailability.java,30,94,62
Java,/tmp/clone_directory/src/main/java/net/fortuna/ical4j/model/property/Categories.java,18,108,62
Java,/tmp/clone_directory/src/main/java/net/fortuna/ical4j/transform/Rfc5545Transformer.java,18,4,62
Java,/tmp/clone_directory/src/test/java/net/fortuna/ical4j/data/CalendarBuilderCustomRegistryTest.java,18,46,62
Java,/tmp/clone_directory/src/main/java/net/fortuna/ical4j/filter/ComponentFilter.java,7,12,61
Java,/tmp/clone_directory/src/main/java/net/fortuna/ical4j/model/ComponentBuilder.java,17,1,61
Java,/tmp/clone_directory/src/test/java/net/fortuna/ical4j/model/AddressListTest.java,17,69,61
Java,/tmp/clone_directory/src/test/java/net/fortuna/ical4j/util/StringsTest.java,17,45,61
Java,/tmp/clone_directory/src/main/java/net/fortuna/ical4j/model/property/RecurrenceId.java,17,158,60
Java,/tmp/clone_directory/src/main/java/net/fortuna/ical4j/model/property/StyledDescription.java,16,57,60
Java,/tmp/clone_directory/src/main/java/net/fortuna/ical4j/transform/rfc5545/RuleManager.java,9,17,60
Java,/tmp/clone_directory/src/test/java/net/fortuna/ical4j/data/ConcurrencyTest.java,9,38,60
Java,/tmp/clone_directory/src/test/java/net/fortuna/ical4j/model/NumberListTest.java,20,57,60
Java,/tmp/clone_directory/src/main/java/net/fortuna/ical4j/model/PropertyCodec.java,17,10,59
Java,/tmp/clone_directory/src/main/java/net/fortuna/ical4j/model/component/VLocation.java,31,109,59
Java,/tmp/clone_directory/src/main/java/net/fortuna/ical4j/transform/recurrence/ByWeekNoRule.java,9,9,59
Groovy,/tmp/clone_directory/src/main/groovy/net/fortuna/ical4j/model/parameter/ValueFactory.groovy,2,35,58
Java,/tmp/clone_directory/src/main/java/net/fortuna/ical4j/model/ParameterBuilder.java,13,13,58
Java,/tmp/clone_directory/src/main/java/net/fortuna/ical4j/model/Time.java,17,84,58
Java,/tmp/clone_directory/src/main/java/net/fortuna/ical4j/model/component/VResource.java,32,109,58
Java,/tmp/clone_directory/src/main/java/net/fortuna/ical4j/model/property/Concept.java,17,57,58
Java,/tmp/clone_directory/src/main/java/net/fortuna/ical4j/model/property/Resources.java,18,63,58
Groovy,/tmp/clone_directory/src/test/groovy/net/fortuna/ical4j/data/CalendarBuilderSpec.groovy,16,3,57
Java,/tmp/clone_directory/src/test/java/net/fortuna/ical4j/model/DateTest.java,16,62,57
Java,/tmp/clone_directory/src/test/java/net/fortuna/ical4j/model/property/DatePropertyTest.java,13,56,57
Java,/tmp/clone_directory/src/test/java/net/fortuna/ical4j/model/property/DtStartTest.java,15,55,57
Java,/tmp/clone_directory/src/main/java/net/fortuna/ical4j/model/AddressList.java,14,73,56
Java,/tmp/clone_directory/src/main/java/net/fortuna/ical4j/model/Iso8601.java,14,89,56
Java,/tmp/clone_directory/src/main/java/net/fortuna/ical4j/model/PropertyFactoryImpl.java,11,52,56
Java,/tmp/clone_directory/src/main/java/net/fortuna/ical4j/validate/ValidationEntry.java,16,32,56
Groovy,/tmp/clone_directory/src/test/groovy/net/fortuna/ical4j/model/parameter/EmailTest.groovy,18,3,56
Groovy,/tmp/clone_directory/src/test/groovy/net/fortuna/ical4j/util/ConfiguratorTest.groovy,20,0,56
Java,/tmp/clone_directory/src/test/java/net/fortuna/ical4j/model/property/StatusTest.java,10,50,56
Java,/tmp/clone_directory/src/main/java/net/fortuna/ical4j/model/property/DtEnd.java,17,144,55
Java,/tmp/clone_directory/src/main/java/net/fortuna/ical4j/model/property/DtStart.java,17,140,55
Java,/tmp/clone_directory/src/test/java/net/fortuna/ical4j/model/property/TriggerTest.java,18,61,55
Java,/tmp/clone_directory/src/main/java/net/fortuna/ical4j/model/parameter/Rsvp.java,18,59,54
Java,/tmp/clone_directory/src/main/java/net/fortuna/ical4j/model/ComponentGroup.java,14,40,53
Java,/tmp/clone_directory/src/main/java/net/fortuna/ical4j/model/property/ParticipantType.java,19,57,53
Java,/tmp/clone_directory/src/main/java/net/fortuna/ical4j/validate/PropertyRuleSet.java,6,32,53
Groovy,/tmp/clone_directory/src/main/groovy/net/fortuna/ical4j/model/property/ActionFactory.groovy,4,39,52
Groovy,/tmp/clone_directory/src/main/groovy/net/fortuna/ical4j/model/property/PriorityFactory.groovy,4,39,52
Java,/tmp/clone_directory/src/main/java/net/fortuna/ical4j/model/Date.java,15,133,52
Java,/tmp/clone_directory/src/main/java/net/fortuna/ical4j/model/parameter/PartStat.java,25,65,52
Java,/tmp/clone_directory/src/main/java/net/fortuna/ical4j/model/property/Acknowledged.java,25,65,52
Java,/tmp/clone_directory/src/main/java/net/fortuna/ical4j/model/property/RefId.java,16,55,52
Groovy,/tmp/clone_directory/src/test/groovy/net/fortuna/ical4j/model/ComponentSpec.groovy,8,0,52
Groovy,/tmp/clone_directory/src/test/groovy/net/fortuna/ical4j/validate/ValidationReportTest.groovy,16,32,52
Java,/tmp/clone_directory/src/test/java/net/fortuna/ical4j/data/CalendarParserImplTest.java,13,64,52
Java,/tmp/clone_directory/src/test/java/net/fortuna/ical4j/model/property/AttendeeTest.java,11,48,52
Java,/tmp/clone_directory/src/test/java/net/fortuna/ical4j/util/UrisTest.java,12,37,52
Gradle,/tmp/clone_directory/gradle/dist.gradle,5,0,51
Java,/tmp/clone_directory/src/main/java/net/fortuna/ical4j/agent/AbstractUserAgent.java,10,3,51
Java,/tmp/clone_directory/src/main/java/net/fortuna/ical4j/agent/VEventUserAgent.java,13,206,51
Java,/tmp/clone_directory/src/main/java/net/fortuna/ical4j/agent/VToDoUserAgent.java,13,211,51
Java,/tmp/clone_directory/src/main/java/net/fortuna/ical4j/data/FoldingWriter.java,22,85,51
Java,/tmp/clone_directory/src/main/java/net/fortuna/ical4j/model/PropertyList.java,12,76,51
Java,/tmp/clone_directory/src/main/java/net/fortuna/ical4j/model/TemporalAmountComparator.java,2,2,51
Java,/tmp/clone_directory/src/main/java/net/fortuna/ical4j/model/parameter/RelType.java,22,56,51
Java,/tmp/clone_directory/src/main/java/net/fortuna/ical4j/model/property/Due.java,16,123,51
Java,/tmp/clone_directory/src/main/java/net/fortuna/ical4j/model/property/ResourceType.java,20,62,51
Java,/tmp/clone_directory/src/main/java/net/fortuna/ical4j/model/property/TzId.java,17,113,51
Java,/tmp/clone_directory/src/main/java/net/fortuna/ical4j/validate/ComponentContainerRuleSet.java,6,33,51
Groovy,/tmp/clone_directory/src/test/groovy/net/fortuna/ical4j/model/property/TriggerSpec.groovy,16,31,51
Java,/tmp/clone_directory/src/main/java/net/fortuna/ical4j/model/property/Comment.java,16,56,50
Java,/tmp/clone_directory/src/main/java/net/fortuna/ical4j/model/property/Contact.java,16,56,50
Java,/tmp/clone_directory/src/main/java/net/fortuna/ical4j/model/property/Country.java,15,57,50
Java,/tmp/clone_directory/src/main/java/net/fortuna/ical4j/model/property/Description.java,16,56,50
Java,/tmp/clone_directory/src/main/java/net/fortuna/ical4j/model/property/Location.java,16,107,50
Java,/tmp/clone_directory/src/main/java/net/fortuna/ical4j/model/property/ProdId.java,16,56,50
Java,/tmp/clone_directory/src/main/java/net/fortuna/ical4j/model/property/Summary.java,16,102,50
Java,/tmp/clone_directory/src/main/java/net/fortuna/ical4j/model/property/Tel.java,16,57,50
Java,/tmp/clone_directory/src/main/java/net/fortuna/ical4j/model/property/TzIdAliasOf.java,16,32,50
Java,/tmp/clone_directory/src/main/java/net/fortuna/ical4j/model/property/TzName.java,16,56,50
Java,/tmp/clone_directory/src/main/java/net/fortuna/ical4j/model/property/Uid.java,16,123,50
Java,/tmp/clone_directory/src/main/java/net/fortuna/ical4j/validate/PropertyContainerRuleSet.java,7,32,50
Java,/tmp/clone_directory/src/main/java/net/fortuna/ical4j/validate/property/DatePropertyValidator.java,15,40,50
Java,/tmp/clone_directory/src/main/java/net/fortuna/ical4j/model/ComponentList.java,11,69,49
Java,/tmp/clone_directory/src/main/java/net/fortuna/ical4j/model/property/ExtendedAddress.java,16,57,49
Java,/tmp/clone_directory/src/main/java/net/fortuna/ical4j/model/property/Locality.java,16,57,49
Java,/tmp/clone_directory/src/main/java/net/fortuna/ical4j/model/property/Name.java,16,57,49
Java,/tmp/clone_directory/src/main/java/net/fortuna/ical4j/model/property/Postalcode.java,15,57,49
Java,/tmp/clone_directory/src/main/java/net/fortuna/ical4j/model/property/Region.java,16,57,49
Java,/tmp/clone_directory/src/main/java/net/fortuna/ical4j/model/property/StreetAddress.java,16,57,49
Groovy,/tmp/clone_directory/src/test/groovy/net/fortuna/ical4j/transform/recurrence/ByMonthDayRuleTest.groovy,15,0,49
Java,/tmp/clone_directory/src/main/java/net/fortuna/ical4j/agent/VFreeBusyUserAgent.java,12,80,48
Java,/tmp/clone_directory/src/main/java/net/fortuna/ical4j/agent/VJournalUserAgent.java,12,87,48
Java,/tmp/clone_directory/src/main/java/net/fortuna/ical4j/model/Month.java,13,3,48
Java,/tmp/clone_directory/src/main/java/net/fortuna/ical4j/model/TextList.java,17,74,48
Java,/tmp/clone_directory/src/main/java/net/fortuna/ical4j/model/component/VVenue.java,12,98,48
Java,/tmp/clone_directory/src/main/java/net/fortuna/ical4j/model/property/Completed.java,14,86,48
Java,/tmp/clone_directory/src/main/java/net/fortuna/ical4j/model/property/Created.java,14,90,48
Java,/tmp/clone_directory/src/main/java/net/fortuna/ical4j/validate/CalendarValidatorImpl.java,14,8,48
Groovy,/tmp/clone_directory/src/test/groovy/net/fortuna/ical4j/transform/recurrence/ByMonthRuleTest.groovy,15,0,48
Java,/tmp/clone_directory/src/test/java/net/fortuna/ical4j/model/component/VAlarmTest.java,14,50,48
Java,/tmp/clone_directory/src/test/java/net/fortuna/ical4j/model/property/MethodTest.java,11,50,48
Java,/tmp/clone_directory/src/main/java/net/fortuna/ical4j/model/AbstractContentFactory.java,12,56,47
Java,/tmp/clone_directory/src/main/java/net/fortuna/ical4j/model/parameter/Encoding.java,21,99,47
Java,/tmp/clone_directory/src/main/java/net/fortuna/ical4j/model/property/DtStamp.java,14,98,47
Java,/tmp/clone_directory/src/main/java/net/fortuna/ical4j/model/property/ExDate.java,14,58,47
Java,/tmp/clone_directory/src/main/java/net/fortuna/ical4j/model/property/LastModified.java,14,91,47
Java,/tmp/clone_directory/src/main/java/net/fortuna/ical4j/model/property/RefreshInterval.java,15,3,47
Groovy,/tmp/clone_directory/src/test/groovy/net/fortuna/ical4j/model/ComponentSequenceComparatorTest.groovy,14,0,47
Groovy,/tmp/clone_directory/src/main/groovy/net/fortuna/ical4j/model/property/BusyTypeFactory.groovy,4,39,46
Groovy,/tmp/clone_directory/src/main/groovy/net/fortuna/ical4j/model/property/ClazzFactory.groovy,4,39,46
Java,/tmp/clone_directory/src/main/java/net/fortuna/ical4j/model/LocationTypeList.java,14,76,46
Java,/tmp/clone_directory/src/main/java/net/fortuna/ical4j/model/MonthList.java,10,0,46
Java,/tmp/clone_directory/src/main/java/net/fortuna/ical4j/model/parameter/CuType.java,21,59,46
YAML,/tmp/clone_directory/.github/workflows/gradle.yml,11,0,45
Java,/tmp/clone_directory/src/main/java/net/fortuna/ical4j/model/property/Color.java,13,3,45
Java,/tmp/clone_directory/src/main/java/net/fortuna/ical4j/model/property/Conference.java,13,3,45
Java,/tmp/clone_directory/src/main/java/net/fortuna/ical4j/model/property/Image.java,13,3,45
Java,/tmp/clone_directory/src/main/java/net/fortuna/ical4j/model/property/Source.java,13,3,45
Java,/tmp/clone_directory/src/main/java/net/fortuna/ical4j/transform/rfc5545/VEventRule.java,10,16,45
Java,/tmp/clone_directory/src/main/java/net/fortuna/ical4j/util/Uris.java,10,89,45
Groovy,/tmp/clone_directory/src/test/groovy/net/fortuna/ical4j/filter/PropertyFilterTest.groovy,13,0,45
Groovy,/tmp/clone_directory/src/test/groovy/net/fortuna/ical4j/model/component/VEventSpec.groovy,7,31,45
Java,/tmp/clone_directory/src/test/java/net/fortuna/ical4j/model/property/DtEndTest.java,15,55,45
Java,/tmp/clone_directory/src/test/java/net/fortuna/ical4j/util/DefaultDecoderFactoryTest.java,22,52,45
Java,/tmp/clone_directory/src/main/java/net/fortuna/ical4j/model/parameter/FbType.java,20,56,44
Java,/tmp/clone_directory/src/main/java/net/fortuna/ical4j/model/parameter/Range.java,17,53,44
Java,/tmp/clone_directory/src/main/java/net/fortuna/ical4j/util/FixedUidGenerator.java,10,53,44
Java,/tmp/clone_directory/src/main/java/net/fortuna/ical4j/validate/ValidationResult.java,13,35,44
Java,/tmp/clone_directory/src/test/java/net/fortuna/ical4j/model/property/DateListPropertyTest.java,11,53,44
Java,/tmp/clone_directory/src/main/java/net/fortuna/ical4j/model/parameter/Role.java,19,56,43
Java,/tmp/clone_directory/src/main/java/net/fortuna/ical4j/util/Strings.java,11,143,43
Java,/tmp/clone_directory/src/main/java/net/fortuna/ical4j/validate/schema/JsonSchemaValidator.java,11,36,43
Java,/tmp/clone_directory/src/main/java/net/fortuna/ical4j/model/ParameterFactoryImpl.java,9,59,42
Java,/tmp/clone_directory/src/main/java/net/fortuna/ical4j/model/parameter/Display.java,11,45,42
Java,/tmp/clone_directory/src/main/java/net/fortuna/ical4j/model/parameter/Feature.java,11,37,42
Java,/tmp/clone_directory/src/main/java/net/fortuna/ical4j/model/parameter/FmtType.java,14,44,42
Java,/tmp/clone_directory/src/test/java/net/fortuna/ical4j/util/UidGeneratorTest.java,10,46,42
Text,/tmp/clone_directory/src/test/resources/net/fortuna/ical4j/transform/timezones/outlook1_expected.txt,0,0,42
Java,/tmp/clone_directory/src/main/java/net/fortuna/ical4j/transform/AbstractMethodTransformer.java,9,2,41
Java,/tmp/clone_directory/src/main/java/net/fortuna/ical4j/validate/component/VToDoValidator.java,11,0,41
Java,/tmp/clone_directory/src/test/java/net/fortuna/ical4j/model/property/VersionTest.java,11,54,41
Java,/tmp/clone_directory/src/test/java/net/fortuna/ical4j/transform/rfc5545/AttendeePropertyRuleTest.java,11,0,41
Text,/tmp/clone_directory/src/test/resources/net/fortuna/ical4j/transform/timezones/outlook1.txt,0,0,41
make,/tmp/clone_directory/Makefile,18,0,40
Groovy,/tmp/clone_directory/src/main/groovy/net/fortuna/ical4j/model/property/TranspFactory.groovy,4,39,40
Java,/tmp/clone_directory/src/main/java/net/fortuna/ical4j/data/DefaultComponentFactorySupplier.java,10,2,40
Java,/tmp/clone_directory/src/main/java/net/fortuna/ical4j/filter/PropertyFilter.java,7,31,40
Java,/tmp/clone_directory/src/main/java/net/fortuna/ical4j/model/parameter/Email.java,11,38,40
Java,/tmp/clone_directory/src/main/java/net/fortuna/ical4j/model/parameter/Related.java,16,51,40
Java,/tmp/clone_directory/src/main/java/net/fortuna/ical4j/model/parameter/ScheduleAgent.java,16,46,40
Java,/tmp/clone_directory/src/main/java/net/fortuna/ical4j/util/JCacheTimeZoneCache.java,9,0,40
Java,/tmp/clone_directory/src/main/java/net/fortuna/ical4j/model/parameter/Derived.java,16,55,39
Java,/tmp/clone_directory/src/main/java/net/fortuna/ical4j/model/parameter/Schema.java,18,52,39
Java,/tmp/clone_directory/src/main/java/net/fortuna/ical4j/model/property/UtcProperty.java,9,63,39
Java,/tmp/clone_directory/src/main/java/net/fortuna/ical4j/transform/rfc5545/AttendeePropertyRule.java,9,0,39
Java,/tmp/clone_directory/src/main/java/net/fortuna/ical4j/validate/ValidationReport.java,11,35,39
Text,/tmp/clone_directory/src/test/resources/net/fortuna/ical4j/transform/outlook1.txt,0,0,39
Text,/tmp/clone_directory/src/test/resources/net/fortuna/ical4j/transform/timezones/outlook2.txt,0,0,39
Text,/tmp/clone_directory/src/test/resources/net/fortuna/ical4j/transform/timezones/outlook2_expected.txt,0,0,39
YAML,/tmp/clone_directory/.github/workflows/scorecards.yml,6,11,38
Java,/tmp/clone_directory/src/main/java/net/fortuna/ical4j/transform/recurrence/AbstractDateExpansionRule.java,11,84,38
Groovy,/tmp/clone_directory/src/test/groovy/net/fortuna/ical4j/model/VEventRecurrenceTest.groovy,9,31,38
Groovy,/tmp/clone_directory/src/test/groovy/net/fortuna/ical4j/model/parameter/FeatureTest.groovy,9,3,38
Java,/tmp/clone_directory/src/test/java/net/fortuna/ical4j/data/CalendarBuilderConcurrencyTest.java,4,39,38
Java,/tmp/clone_directory/src/test/java/net/fortuna/ical4j/model/ParameterFactoryImplTest.java,10,52,38
Groovy,/tmp/clone_directory/src/main/groovy/net/fortuna/ical4j/model/parameter/PartStatFactory.groovy,2,35,37
Java,/tmp/clone_directory/src/main/java/net/fortuna/ical4j/model/parameter/AltRep.java,13,51,37
Java,/tmp/clone_directory/src/main/java/net/fortuna/ical4j/model/parameter/Dir.java,13,51,37
Java,/tmp/clone_directory/src/main/java/net/fortuna/ical4j/model/parameter/SentBy.java,13,51,37
Groovy,/tmp/clone_directory/src/test/groovy/net/fortuna/ical4j/model/PropertyBuilderTest.groovy,14,0,37
Java,/tmp/clone_directory/src/test/java/net/fortuna/ical4j/model/IndexedComponentListTest.java,8,49,37
Java,/tmp/clone_directory/src/test/java/net/fortuna/ical4j/model/ParameterTest.java,12,53,37
Java,/tmp/clone_directory/src/test/java/net/fortuna/ical4j/model/property/BusyTypeTest.java,8,49,37
Java,/tmp/clone_directory/src/test/java/net/fortuna/ical4j/model/property/OrganizerTest.java,10,46,37
Java,/tmp/clone_directory/src/main/java/net/fortuna/ical4j/data/CalendarOutputter.java,9,63,36
Java,/tmp/clone_directory/src/main/java/net/fortuna/ical4j/util/ResourceLoader.java,6,48,36
Java,/tmp/clone_directory/src/main/java/net/fortuna/ical4j/model/WeekDayList.java,10,57,35
Java,/tmp/clone_directory/src/main/java/net/fortuna/ical4j/model/component/Available.java,10,91,35
Java,/tmp/clone_directory/src/main/java/net/fortuna/ical4j/model/parameter/DelegatedFrom.java,13,51,35
Java,/tmp/clone_directory/src/main/java/net/fortuna/ical4j/model/parameter/DelegatedTo.java,13,51,35
Java,/tmp/clone_directory/src/main/java/net/fortuna/ical4j/model/parameter/Gap.java,13,48,35
Java,/tmp/clone_directory/src/main/java/net/fortuna/ical4j/model/parameter/Member.java,13,51,35
Java,/tmp/clone_directory/src/main/java/net/fortuna/ical4j/validate/Validator.java,9,68,35
Groovy,/tmp/clone_directory/src/test/groovy/net/fortuna/ical4j/model/ModelSerializationSpec.groovy,8,31,35
Groovy,/tmp/clone_directory/src/test/groovy/net/fortuna/ical4j/model/ParameterCodecTest.groovy,8,0,35
Java,/tmp/clone_directory/src/test/java/net/fortuna/ical4j/model/parameter/AltRepTest.java,15,47,35
Groovy,/tmp/clone_directory/src/main/groovy/net/fortuna/ical4j/model/property/CalScaleFactory.groovy,4,39,34
Groovy,/tmp/clone_directory/src/main/groovy/net/fortuna/ical4j/model/property/PropertyFactoryWrapper.groovy,7,0,34
Groovy,/tmp/clone_directory/src/main/groovy/net/fortuna/ical4j/model/property/VersionFactory.groovy,4,39,34
Java,/tmp/clone_directory/src/main/java/net/fortuna/ical4j/filter/expression/TargetExpression.java,10,32,34
Java,/tmp/clone_directory/src/main/java/net/fortuna/ical4j/model/IndexedComponentList.java,6,59,34
Java,/tmp/clone_directory/src/main/java/net/fortuna/ical4j/model/IndexedPropertyList.java,7,59,34
Java,/tmp/clone_directory/src/main/java/net/fortuna/ical4j/model/ZoneOffsetAdapter.java,7,7,34
Java,/tmp/clone_directory/src/main/java/net/fortuna/ical4j/model/component/XComponent.java,9,55,34
Java,/tmp/clone_directory/src/main/java/net/fortuna/ical4j/model/parameter/LinkRel.java,13,51,34
Java,/tmp/clone_directory/src/main/java/net/fortuna/ical4j/model/property/Proximity.java,14,32,34
Java,/tmp/clone_directory/src/main/java/net/fortuna/ical4j/model/property/TzUntil.java,11,32,34
Text,/tmp/clone_directory/etc/standard_deviations.txt,27,0,33
Java,/tmp/clone_directory/src/main/java/net/fortuna/ical4j/util/CompatibilityHints.java,13,83,33
Groovy,/tmp/clone_directory/src/test/groovy/net/fortuna/ical4j/data/UnfoldingReaderSpec.groovy,7,0,33
Groovy,/tmp/clone_directory/src/test/groovy/net/fortuna/ical4j/model/ParameterBuilderTest.groovy,13,0,33
Java,/tmp/clone_directory/src/test/java/net/fortuna/ical4j/RegexTestHarness.java,8,36,33
Java,/tmp/clone_directory/src/test/java/net/fortuna/ical4j/model/UtcOffsetTest.java,5,43,33
Java,/tmp/clone_directory/src/test/java/net/fortuna/ical4j/model/property/RDateTest.java,14,57,33
Java,/tmp/clone_directory/src/main/java/net/fortuna/ical4j/model/parameter/XParameter.java,10,44,32
Java,/tmp/clone_directory/src/main/java/net/fortuna/ical4j/util/DefaultDecoderFactory.java,8,46,32
Java,/tmp/clone_directory/src/main/java/net/fortuna/ical4j/util/DefaultEncoderFactory.java,8,46,32
Java,/tmp/clone_directory/src/main/java/net/fortuna/ical4j/util/InetAddressHostInfo.java,9,50,32
Java,/tmp/clone_directory/src/main/java/net/fortuna/ical4j/util/MapTimeZoneCache.java,9,0,32
Java,/tmp/clone_directory/src/main/java/net/fortuna/ical4j/util/TimeZones.java,11,73,32
Java,/tmp/clone_directory/src/main/java/net/fortuna/ical4j/validate/ParameterValidator.java,13,75,32
Groovy,/tmp/clone_directory/src/test/groovy/net/fortuna/ical4j/model/property/PrioritySpec.groovy,11,0,32
Groovy,/tmp/clone_directory/src/test/groovy/net/fortuna/ical4j/validate/CalendarValidatorImplTest.groovy,9,32,32
Java,/tmp/clone_directory/src/test/java/net/fortuna/ical4j/model/TextListTest.java,11,53,32
Java,/tmp/clone_directory/src/test/java/net/fortuna/ical4j/model/property/PriorityTest.java,11,50,32
Java,/tmp/clone_directory/src/test/java/net/fortuna/ical4j/model/property/XPropertyTest.java,9,50,32
YAML,/tmp/clone_directory/.github/workflows/codeql-analysis.yml,10,29,31
Groovy,/tmp/clone_directory/src/main/groovy/net/fortuna/ical4j/model/component/XComponentFactory.groovy,7,35,31
Groovy,/tmp/clone_directory/src/main/groovy/net/fortuna/ical4j/model/parameter/EncodingFactory.groovy,2,35,31
Java,/tmp/clone_directory/src/main/java/net/fortuna/ical4j/model/parameter/Order.java,12,49,31
Java,/tmp/clone_directory/src/main/java/net/fortuna/ical4j/validate/component/VEventValidator.java,9,0,31
Groovy,/tmp/clone_directory/src/test/groovy/net/fortuna/ical4j/filter/predicate/PropertyEqualToRuleTest.groovy,9,34,31
Groovy,/tmp/clone_directory/src/test/groovy/net/fortuna/ical4j/model/component/VFreeBusySpec.groovy,7,31,31
Java,/tmp/clone_directory/src/test/java/net/fortuna/ical4j/model/property/ActionTest.java,8,47,31
Java,/tmp/clone_directory/src/main/java/net/fortuna/ical4j/model/parameter/TzId.java,12,48,30
Java,/tmp/clone_directory/src/main/java/net/fortuna/ical4j/model/parameter/Vvenue.java,11,45,30
Java,/tmp/clone_directory/src/main/java/net/fortuna/ical4j/transform/recurrence/BySetPosRule.java,6,6,30
Groovy,/tmp/clone_directory/src/test/groovy/net/fortuna/ical4j/model/TimeZoneLoaderTest.groovy,14,0,30
Groovy,/tmp/clone_directory/src/test/groovy/net/fortuna/ical4j/model/parameter/GapTest.groovy,9,32,30
Groovy,/tmp/clone_directory/src/test/groovy/net/fortuna/ical4j/model/parameter/LinkRelTest.groovy,9,32,30
Groovy,/tmp/clone_directory/src/test/groovy/net/fortuna/ical4j/util/DefaultEncoderFactoryTest.groovy,10,0,30
Java,/tmp/clone_directory/src/test/java/net/fortuna/ical4j/model/WeekDayTest.java,10,41,30
Java,/tmp/clone_directory/src/test/java/net/fortuna/ical4j/model/component/VTimeZoneTest.java,10,48,30
Java,/tmp/clone_directory/src/test/java/net/fortuna/ical4j/model/property/LocationTest.java,7,58,30
Groovy,/tmp/clone_directory/src/main/groovy/net/fortuna/ical4j/model/property/XPropertyFactory.groovy,5,39,29
Java,/tmp/clone_directory/src/main/java/net/fortuna/ical4j/filter/expression/DateExpression.java,9,32,29
Java,/tmp/clone_directory/src/main/java/net/fortuna/ical4j/filter/predicate/PropertyExistsRule.java,10,37,29
Java,/tmp/clone_directory/src/main/java/net/fortuna/ical4j/model/parameter/Abbrev.java,10,45,29
Java,/tmp/clone_directory/src/main/java/net/fortuna/ical4j/model/parameter/Cn.java,11,44,29
Java,/tmp/clone_directory/src/main/java/net/fortuna/ical4j/model/parameter/Language.java,11,44,29
Java,/tmp/clone_directory/src/main/java/net/fortuna/ical4j/model/parameter/ScheduleStatus.java,10,43,29
Java,/tmp/clone_directory/src/main/java/net/fortuna/ical4j/model/parameter/Type.java,11,44,29
Groovy,/tmp/clone_directory/src/test/groovy/net/fortuna/ical4j/model/parameter/DisplayTest.groovy,8,3,29
Java,/tmp/clone_directory/src/test/java/net/fortuna/ical4j/data/UnfoldingReaderTest.java,9,51,29
Java,/tmp/clone_directory/src/test/java/net/fortuna/ical4j/model/component/AvailableTest.java,7,45,29
XML,/tmp/clone_directory/src/test/resources/logback.xml,10,35,29
Groovy,/tmp/clone_directory/src/main/groovy/net/fortuna/ical4j/model/parameter/CuTypeFactory.groovy,2,35,28
Groovy,/tmp/clone_directory/src/main/groovy/net/fortuna/ical4j/model/parameter/FbTypeFactory.groovy,2,35,28
Groovy,/tmp/clone_directory/src/main/groovy/net/fortuna/ical4j/model/parameter/RoleFactory.groovy,2,35,28
Java,/tmp/clone_directory/src/main/java/net/fortuna/ical4j/data/DefaultParameterFactorySupplier.java,7,0,28
Java,/tmp/clone_directory/src/main/java/net/fortuna/ical4j/filter/expression/TemporalExpression.java,8,33,28
Java,/tmp/clone_directory/src/main/java/net/fortuna/ical4j/model/parameter/Label.java,10,28,28
Groovy,/tmp/clone_directory/src/test/groovy/net/fortuna/ical4j/model/parameter/LabelTest.groovy,8,3,28
Groovy,/tmp/clone_directory/src/test/groovy/net/fortuna/ical4j/model/property/XmlTest.groovy,7,32,28
Java,/tmp/clone_directory/src/test/java/net/fortuna/ical4j/model/DateListTest.java,9,56,28
Java,/tmp/clone_directory/src/test/java/net/fortuna/ical4j/model/IndexedPropertyListTest.java,10,50,28
Java,/tmp/clone_directory/src/main/java/net/fortuna/ical4j/data/AbstractOutputter.java,11,65,27
Java,/tmp/clone_directory/src/main/java/net/fortuna/ical4j/filter/predicate/PropertyInRangeRule.java,9,37,27
Java,/tmp/clone_directory/src/main/java/net/fortuna/ical4j/transform/RequestTransformer.java,6,50,27
Java,/tmp/clone_directory/src/test/java/net/fortuna/ical4j/model/component/ObservanceTest.java,7,45,27
Java,/tmp/clone_directory/src/test/java/net/fortuna/ical4j/model/component/ParticipantTest.java,7,45,27
Java,/tmp/clone_directory/src/test/java/net/fortuna/ical4j/model/component/VToDoTest.java,9,47,27
Java,/tmp/clone_directory/src/test/java/net/fortuna/ical4j/model/property/ClazzTest.java,8,47,27
Java,/tmp/clone_directory/src/test/java/net/fortuna/ical4j/model/property/SummaryTest.java,7,53,27
Groovy,/tmp/clone_directory/src/main/groovy/net/fortuna/ical4j/model/property/DtStampFactory.groovy,4,39,26
Java,/tmp/clone_directory/src/main/java/net/fortuna/ical4j/filter/expression/NumberExpression.java,8,32,26
Java,/tmp/clone_directory/src/main/java/net/fortuna/ical4j/model/component/Daylight.java,9,69,26
Java,/tmp/clone_directory/src/main/java/net/fortuna/ical4j/model/component/Standard.java,9,69,26
Groovy,/tmp/clone_directory/src/test/groovy/net/fortuna/ical4j/model/ComponentBuilderTest.groovy,10,0,26
Groovy,/tmp/clone_directory/src/test/groovy/net/fortuna/ical4j/model/FluentCalendarTest.groovy,9,32,26
Groovy,/tmp/clone_directory/src/main/groovy/net/fortuna/ical4j/model/parameter/RelTypeFactory.groovy,2,35,25
Java,/tmp/clone_directory/src/main/java/net/fortuna/ical4j/filter/expression/FunctionExpression.java,7,32,25
Java,/tmp/clone_directory/src/main/java/net/fortuna/ical4j/filter/predicate/ParameterExistsRule.java,10,37,25
Java,/tmp/clone_directory/src/main/java/net/fortuna/ical4j/model/FluentCalendar.java,8,35,25
Java,/tmp/clone_directory/src/main/java/net/fortuna/ical4j/validate/schema/SchemaValidatorFactory.java,6,32,25
Java,/tmp/clone_directory/src/test/java/net/fortuna/ical4j/model/component/VAvailabilityTest.java,9,45,25
YAML,/tmp/clone_directory/.github/workflows/cifuzz.yml,0,0,24
Text,/tmp/clone_directory/etc/header.txt,5,0,24
Groovy,/tmp/clone_directory/src/main/groovy/net/fortuna/ical4j/model/property/AbstractPropertyFactory.groovy,4,39,24
Groovy,/tmp/clone_directory/src/main/groovy/net/fortuna/ical4j/model/property/RequestStatusFactory.groovy,4,39,24
Java,/tmp/clone_directory/src/main/java/net/fortuna/ical4j/filter/expression/BinaryExpression.java,9,32,24
Java,/tmp/clone_directory/src/main/java/net/fortuna/ical4j/filter/expression/CollectionExpression.java,7,32,24
Java,/tmp/clone_directory/src/main/java/net/fortuna/ical4j/transform/DeclineCounterTransformer.java,5,39,24
Java,/tmp/clone_directory/src/main/java/net/fortuna/ical4j/validate/property/UtcPropertyValidator.java,6,32,24
Groovy,/tmp/clone_directory/src/test/groovy/net/fortuna/ical4j/model/ZoneOffsetAdapterTest.groovy,8,0,24
Groovy,/tmp/clone_directory/src/test/groovy/net/fortuna/ical4j/model/component/ParticipantFactoryTest.groovy,5,0,24
Java,/tmp/clone_directory/src/test/java/net/fortuna/ical4j/model/AbstractPropertyTest.java,6,49,24
Java,/tmp/clone_directory/src/test/java/net/fortuna/ical4j/model/TimeZoneTest2.java,23,80,24
Java,/tmp/clone_directory/src/test/java/net/fortuna/ical4j/model/parameter/TzIdTest.java,8,44,24
Java,/tmp/clone_directory/src/test/java/net/fortuna/ical4j/model/property/GeoTest.java,9,52,24
Java,/tmp/clone_directory/src/test/java/net/fortuna/ical4j/model/property/TranspTest.java,10,50,24
Text,/tmp/clone_directory/LICENSE.txt,6,0,23
Groovy,/tmp/clone_directory/src/main/groovy/groovy/runtime/metaclass/net/fortuna/ical4j/model/ParameterListMetaClass.groovy,5,0,23
Groovy,/tmp/clone_directory/src/main/groovy/net/fortuna/ical4j/model/property/DefaultPropertyFactory.groovy,5,35,23
Java,/tmp/clone_directory/src/main/java/net/fortuna/ical4j/filter/PredicateFactory.java,8,2,23
Java,/tmp/clone_directory/src/main/java/net/fortuna/ical4j/filter/expression/StringExpression.java,7,32,23
Java,/tmp/clone_directory/src/main/java/net/fortuna/ical4j/filter/predicate/PropertyGreaterThanRule.java,8,36,23
Java,/tmp/clone_directory/src/main/java/net/fortuna/ical4j/filter/predicate/PropertyLessThanRule.java,8,36,23
Java,/tmp/clone_directory/src/main/java/net/fortuna/ical4j/model/LocationType.java,3,3,23
Groovy,/tmp/clone_directory/src/test/groovy/net/fortuna/ical4j/model/TimeZoneUpdaterTest.groovy,9,32,23
Groovy,/tmp/clone_directory/src/test/groovy/net/fortuna/ical4j/model/property/GeoSpec.groovy,9,32,23
Groovy,/tmp/clone_directory/src/test/groovy/net/fortuna/ical4j/transform/recurrence/BySecondRuleTest.groovy,7,0,23
Java,/tmp/clone_directory/src/test/java/net/fortuna/ical4j/model/property/PercentCompleteTest.java,8,50,23
Markdown,/tmp/clone_directory/.github/ISSUE_TEMPLATE/bug_report.md,7,0,22
Groovy,/tmp/clone_directory/src/main/groovy/net/fortuna/ical4j/model/parameter/RangeFactory.groovy,2,35,22
Groovy,/tmp/clone_directory/src/main/groovy/net/fortuna/ical4j/model/parameter/RelatedFactory.groovy,2,35,22
Groovy,/tmp/clone_directory/src/main/groovy/net/fortuna/ical4j/model/parameter/RsvpFactory.groovy,2,35,22
Java,/tmp/clone_directory/src/main/java/net/fortuna/ical4j/data/ParserException.java,10,56,22
Java,/tmp/clone_directory/src/main/java/net/fortuna/ical4j/filter/expression/UnaryExpression.java,8,32,22
Java,/tmp/clone_directory/src/main/java/net/fortuna/ical4j/model/ComponentSequenceComparator.java,7,7,22
Java,/tmp/clone_directory/src/main/java/net/fortuna/ical4j/model/RecurrenceSupport.java,9,46,22
Java,/tmp/clone_directory/src/main/java/net/fortuna/ical4j/transform/command/AttendeeUpdate.java,6,0,22
Java,/tmp/clone_directory/src/main/java/net/fortuna/ical4j/transform/command/MethodUpdate.java,7,3,22
Java,/tmp/clone_directory/src/main/java/net/fortuna/ical4j/transform/command/OrganizerUpdate.java,6,0,22
Java,/tmp/clone_directory/src/main/java/net/fortuna/ical4j/transform/command/SequenceIncrement.java,6,3,22
Java,/tmp/clone_directory/src/main/java/net/fortuna/ical4j/validate/component/VTimeZoneValidator.java,4,3,22
Groovy,/tmp/clone_directory/src/test/groovy/net/fortuna/ical4j/model/PeriodSpec.groovy,8,31,22
Groovy,/tmp/clone_directory/src/test/groovy/net/fortuna/ical4j/model/property/ConceptTest.groovy,6,32,22
Groovy,/tmp/clone_directory/src/test/groovy/net/fortuna/ical4j/model/property/LinkTest.groovy,6,32,22
Groovy,/tmp/clone_directory/src/test/groovy/net/fortuna/ical4j/model/property/MethodSpec.groovy,6,0,22
Groovy,/tmp/clone_directory/src/test/groovy/net/fortuna/ical4j/model/property/RefIdTest.groovy,6,32,22
Groovy,/tmp/clone_directory/src/test/groovy/net/fortuna/ical4j/transform/recurrence/ByWeekNoRuleTest.groovy,6,0,22
Groovy,/tmp/clone_directory/src/test/groovy/net/fortuna/ical4j/util/FixedUidGeneratorSpec.groovy,8,0,22
Groovy,/tmp/clone_directory/src/test/groovy/net/fortuna/ical4j/validate/RecurValidatorTest.groovy,5,32,22
Java,/tmp/clone_directory/src/test/java/net/fortuna/ical4j/data/CalendarParserFactoryTest.java,8,58,22
Java,/tmp/clone_directory/src/test/java/net/fortuna/ical4j/data/HCalendarParserTest.java,9,47,22
Java,/tmp/clone_directory/src/test/java/net/fortuna/ical4j/model/component/VVenueTest.java,9,46,22
Java,/tmp/clone_directory/src/test/java/net/fortuna/ical4j/model/property/DescriptionTest.java,5,46,22
Java,/tmp/clone_directory/src/test/java/net/fortuna/ical4j/model/property/LastModifiedTest.java,8,50,22
Properties,/tmp/clone_directory/gradle.properties,3,0,21
Groovy,/tmp/clone_directory/src/main/groovy/net/fortuna/ical4j/model/CalendarFactory.groovy,4,39,21
Groovy,/tmp/clone_directory/src/main/groovy/net/fortuna/ical4j/model/component/AbstractComponentFactory.groovy,6,39,21
Java,/tmp/clone_directory/src/main/java/net/fortuna/ical4j/transform/AddTransformer.java,5,39,21
Java,/tmp/clone_directory/src/main/java/net/fortuna/ical4j/transform/CancelTransformer.java,5,39,21
Java,/tmp/clone_directory/src/main/java/net/fortuna/ical4j/transform/PublishTransformer.java,5,39,21
Java,/tmp/clone_directory/src/main/java/net/fortuna/ical4j/util/DecoderFactory.java,8,61,21
Java,/tmp/clone_directory/src/main/java/net/fortuna/ical4j/util/EncoderFactory.java,8,61,21
Groovy,/tmp/clone_directory/src/test/groovy/net/fortuna/ical4j/filter/FilterExpressionParserTest.groovy,5,31,21
Groovy,/tmp/clone_directory/src/test/groovy/net/fortuna/ical4j/model/ParameterListTest.groovy,8,0,21
Groovy,/tmp/clone_directory/src/test/groovy/net/fortuna/ical4j/model/PropertyCodecTest.groovy,7,32,21
Groovy,/tmp/clone_directory/src/test/groovy/net/fortuna/ical4j/model/PropertyListTest.groovy,9,0,21
Groovy,/tmp/clone_directory/src/test/groovy/net/fortuna/ical4j/transform/recurrence/ByHourRuleTest.groovy,7,0,21
Groovy,/tmp/clone_directory/src/test/groovy/net/fortuna/ical4j/transform/recurrence/ByMinuteRuleTest.groovy,7,0,21
Groovy,/tmp/clone_directory/src/test/groovy/net/fortuna/ical4j/transform/recurrence/ByYearDayRuleTest.groovy,7,0,21
Java,/tmp/clone_directory/src/test/java/net/fortuna/ical4j/model/property/ExRuleTest.java,7,48,21
Java,/tmp/clone_directory/src/test/java/net/fortuna/ical4j/model/property/RRuleTest.java,7,50,21
Java,/tmp/clone_directory/src/test/java/net/fortuna/ical4j/model/property/TzOffsetToTest.java,7,50,21
HTML,/tmp/clone_directory/src/test/resources/samples/hcalendar/example1.html,0,0,21
YAML,/tmp/clone_directory/.github/workflows/run-build.yml,8,2,20
Groovy,/tmp/clone_directory/src/main/groovy/net/fortuna/ical4j/model/parameter/ParameterFactoryWrapper.groovy,7,0,20
Java,/tmp/clone_directory/src/main/java/net/fortuna/ical4j/transform/command/UidUpdate.java,5,0,20
Java,/tmp/clone_directory/src/main/java/net/fortuna/ical4j/transform/rfc5545/CreatedPropertyRule.java,7,6,20
Java,/tmp/clone_directory/src/main/java/net/fortuna/ical4j/transform/rfc5545/VAlarmRule.java,4,6,20
Java,/tmp/clone_directory/src/main/java/net/fortuna/ical4j/validate/AbstractValidator.java,7,32,20
Groovy,/tmp/clone_directory/src/test/groovy/net/fortuna/ical4j/filter/predicate/DateInRangeRuleTest.groovy,7,31,20
Groovy,/tmp/clone_directory/src/test/groovy/net/fortuna/ical4j/model/LocationTypeTest.groovy,6,0,20
Groovy,/tmp/clone_directory/src/test/groovy/net/fortuna/ical4j/model/component/VAvailabilityFactoryTest.groovy,5,0,20
Groovy,/tmp/clone_directory/src/test/groovy/net/fortuna/ical4j/model/property/ConferenceTest.groovy,5,32,20
Groovy,/tmp/clone_directory/src/test/groovy/net/fortuna/ical4j/transform/recurrence/BySetPosRuleTest.groovy,6,0,20
Java,/tmp/clone_directory/src/test/java/net/fortuna/ical4j/data/FoldingWriterTest.java,5,43,20
Java,/tmp/clone_directory/src/test/java/net/fortuna/ical4j/model/property/CompletedTest.java,6,48,20
Java,/tmp/clone_directory/src/test/java/net/fortuna/ical4j/model/property/CreatedTest.java,6,48,20
Java,/tmp/clone_directory/src/test/java/net/fortuna/ical4j/model/property/DtStampTest.java,6,50,20
Java,/tmp/clone_directory/src/test/java/net/fortuna/ical4j/model/property/DueTest.java,7,48,20
Java,/tmp/clone_directory/src/test/java/net/fortuna/ical4j/model/property/DurationTest.java,7,48,20
Java,/tmp/clone_directory/src/test/java/net/fortuna/ical4j/model/property/FreeBusyTest.java,6,51,20
Java,/tmp/clone_directory/src/test/java/net/fortuna/ical4j/model/property/ProdIdTest.java,7,50,20
Java,/tmp/clone_directory/src/test/java/net/fortuna/ical4j/model/property/RecurrenceIdTest.java,7,50,20
Java,/tmp/clone_directory/src/test/java/net/fortuna/ical4j/model/property/RelatedToTest.java,7,50,20
Java,/tmp/clone_directory/src/test/java/net/fortuna/ical4j/model/property/RepeatTest.java,7,50,20
Java,/tmp/clone_directory/src/test/java/net/fortuna/ical4j/model/property/ResourcesTest.java,6,50,20
Java,/tmp/clone_directory/src/test/java/net/fortuna/ical4j/model/property/SequenceTest.java,7,50,20
Java,/tmp/clone_directory/src/test/java/net/fortuna/ical4j/model/property/TzOffsetFromTest.java,7,49,20
Java,/tmp/clone_directory/src/test/java/net/fortuna/ical4j/model/property/TzUrlTest.java,7,50,20
Java,/tmp/clone_directory/src/test/java/net/fortuna/ical4j/model/property/UrlTest.java,7,50,20
Markdown,/tmp/clone_directory/AUTHORS.md,14,0,19
Java,/tmp/clone_directory/src/main/java/net/fortuna/ical4j/filter/predicate/ParameterEqualToRule.java,6,34,19
Java,/tmp/clone_directory/src/main/java/net/fortuna/ical4j/validate/AbstractValidationRuleSet.java,8,37,19
Java,/tmp/clone_directory/src/main/java/net/fortuna/ical4j/validate/ITIPValidator.java,7,32,19
Groovy,/tmp/clone_directory/src/test/groovy/net/fortuna/ical4j/AbstractTzurlIntegrationTest.groovy,6,3,19
Groovy,/tmp/clone_directory/src/test/groovy/net/fortuna/ical4j/model/PeriodListSpec.groovy,8,0,19
Groovy,/tmp/clone_directory/src/test/groovy/net/fortuna/ical4j/model/RecurrenceSupportTest.groovy,6,32,19
Groovy,/tmp/clone_directory/src/test/groovy/net/fortuna/ical4j/model/parameter/CnSpec.groovy,7,31,19
Java,/tmp/clone_directory/src/test/java/net/fortuna/ical4j/model/parameter/DelegatedFromTest.java,5,46,19
Java,/tmp/clone_directory/src/test/java/net/fortuna/ical4j/model/parameter/DelegatedToTest.java,5,49,19
Java,/tmp/clone_directory/src/test/java/net/fortuna/ical4j/model/property/CommentTest.java,6,47,19
Java,/tmp/clone_directory/src/test/java/net/fortuna/ical4j/model/property/ContactTest.java,5,50,19
Java,/tmp/clone_directory/src/test/java/net/fortuna/ical4j/model/property/CountryTest.java,6,50,19
Java,/tmp/clone_directory/src/test/java/net/fortuna/ical4j/model/property/ExtendedAddressTest.java,6,50,19
Java,/tmp/clone_directory/src/test/java/net/fortuna/ical4j/model/property/LocalityTest.java,6,50,19
Java,/tmp/clone_directory/src/test/java/net/fortuna/ical4j/model/property/LocationTypeTest.java,6,50,19
Java,/tmp/clone_directory/src/test/java/net/fortuna/ical4j/model/property/NameTest.java,6,50,19
Java,/tmp/clone_directory/src/test/java/net/fortuna/ical4j/model/property/PostalcodeTest.java,6,50,19
Java,/tmp/clone_directory/src/test/java/net/fortuna/ical4j/model/property/RegionTest.java,6,50,19
Java,/tmp/clone_directory/src/test/java/net/fortuna/ical4j/model/property/RequestStatusTest.java,6,50,19
Java,/tmp/clone_directory/src/test/java/net/fortuna/ical4j/model/property/StreetAddressTest.java,6,50,19
Java,/tmp/clone_directory/src/test/java/net/fortuna/ical4j/model/property/TelTest.java,6,50,19
Java,/tmp/clone_directory/src/test/java/net/fortuna/ical4j/model/property/TzIdTest.java,6,49,19
Java,/tmp/clone_directory/src/test/java/net/fortuna/ical4j/model/property/TzNameTest.java,6,49,19
Java,/tmp/clone_directory/src/test/java/net/fortuna/ical4j/util/ConstantsTest.java,5,36,19
Groovy,/tmp/clone_directory/src/main/groovy/net/fortuna/ical4j/model/parameter/XParameterFactory.groovy,3,35,18
Java,/tmp/clone_directory/src/main/java/net/fortuna/ical4j/model/Content.java,9,50,18
Java,/tmp/clone_directory/src/main/java/net/fortuna/ical4j/transform/rfc5545/DatePropertyRule.java,5,5,18
Groovy,/tmp/clone_directory/src/test/groovy/net/fortuna/ical4j/filter/FilterExpressionTest.groovy,6,0,18
Groovy,/tmp/clone_directory/src/test/groovy/net/fortuna/ical4j/model/CalendarValidationSpec.groovy,7,33,18
Groovy,/tmp/clone_directory/src/test/groovy/net/fortuna/ical4j/model/TemporalAmountComparatorTest.groovy,6,0,18
Groovy,/tmp/clone_directory/src/test/groovy/net/fortuna/ical4j/model/WeekDaySpec.groovy,5,0,18
Groovy,/tmp/clone_directory/src/test/groovy/net/fortuna/ical4j/model/property/ActionSpec.groovy,6,0,18
Java,/tmp/clone_directory/src/test/java/net/fortuna/ical4j/model/parameter/MemberTest.java,5,46,18
Java,/tmp/clone_directory/src/test/java/net/fortuna/ical4j/model/property/UidTest.java,6,49,18
Groovy,/tmp/clone_directory/src/main/groovy/net/fortuna/ical4j/model/component/AvailableFactory.groovy,6,35,17
Groovy,/tmp/clone_directory/src/main/groovy/net/fortuna/ical4j/model/component/DaylightFactory.groovy,5,35,17
Groovy,/tmp/clone_directory/src/main/groovy/net/fortuna/ical4j/model/component/ParticipantFactory.groovy,4,31,17
Groovy,/tmp/clone_directory/src/main/groovy/net/fortuna/ical4j/model/component/StandardFactory.groovy,6,35,17
Groovy,/tmp/clone_directory/src/main/groovy/net/fortuna/ical4j/model/component/VAlarmFactory.groovy,6,35,17
Groovy,/tmp/clone_directory/src/main/groovy/net/fortuna/ical4j/model/component/VAvailabilityFactory.groovy,4,35,17
Groovy,/tmp/clone_directory/src/main/groovy/net/fortuna/ical4j/model/component/VEventFactory.groovy,6,35,17
Groovy,/tmp/clone_directory/src/main/groovy/net/fortuna/ical4j/model/component/VFreeBusyFactory.groovy,5,35,17
Groovy,/tmp/clone_directory/src/main/groovy/net/fortuna/ical4j/model/component/VJournalFactory.groovy,5,35,17
Groovy,/tmp/clone_directory/src/main/groovy/net/fortuna/ical4j/model/component/VLocationFactory.groovy,6,31,17
Groovy,/tmp/clone_directory/src/main/groovy/net/fortuna/ical4j/model/component/VResourceFactory.groovy,5,31,17
Groovy,/tmp/clone_directory/src/main/groovy/net/fortuna/ical4j/model/component/VTimeZoneFactory.groovy,6,35,17
Groovy,/tmp/clone_directory/src/main/groovy/net/fortuna/ical4j/model/component/VToDoFactory.groovy,5,35,17
Groovy,/tmp/clone_directory/src/main/groovy/net/fortuna/ical4j/model/component/VVenueFactory.groovy,5,35,17
Java,/tmp/clone_directory/src/main/java/net/fortuna/ical4j/filter/predicate/PropertyContainsRule.java,7,37,17
Java,/tmp/clone_directory/src/main/java/net/fortuna/ical4j/filter/predicate/PropertyMatchesRule.java,7,37,17
Java,/tmp/clone_directory/src/main/java/net/fortuna/ical4j/model/AbstractContentBuilder.java,6,14,17
Java,/tmp/clone_directory/src/main/java/net/fortuna/ical4j/validate/ValidationException.java,7,47,17
Java,/tmp/clone_directory/src/main/java/net/fortuna/ical4j/validate/property/StructuredDataValidator.java,6,32,17
Groovy,/tmp/clone_directory/src/test/groovy/net/fortuna/ical4j/model/property/ClazzSpec.groovy,6,0,17
Java,/tmp/clone_directory/src/test/java/net/fortuna/ical4j/model/parameter/AbbrevTest.java,4,45,17
Java,/tmp/clone_directory/src/test/java/net/fortuna/ical4j/model/property/CalScaleTest.java,5,51,17
Properties,/tmp/clone_directory/src/test/resources/log4j.properties,8,33,17
Groovy,/tmp/clone_directory/src/main/groovy/groovy/runtime/metaclass/net/fortuna/ical4j/model/ComponentListMetaClass.groovy,4,0,16
Groovy,/tmp/clone_directory/src/main/groovy/groovy/runtime/metaclass/net/fortuna/ical4j/model/PropertyListMetaClass.groovy,4,0,16
Java,/tmp/clone_directory/src/main/java/net/fortuna/ical4j/data/ServiceLoaderComponentFactorySupplier.java,5,0,16
Java,/tmp/clone_directory/src/main/java/net/fortuna/ical4j/data/ServiceLoaderParameterFactorySupplier.java,5,0,16
Java,/tmp/clone_directory/src/main/java/net/fortuna/ical4j/data/ServiceLoaderPropertyFactorySupplier.java,5,0,16
Java,/tmp/clone_directory/src/main/java/net/fortuna/ical4j/filter/predicate/DateInRangeRule.java,8,42,16
Java,/tmp/clone_directory/src/main/java/net/fortuna/ical4j/filter/predicate/PeriodRule.java,10,66,16
Java,/tmp/clone_directory/src/main/java/net/fortuna/ical4j/transform/CounterTransformer.java,4,39,16
Java,/tmp/clone_directory/src/main/java/net/fortuna/ical4j/transform/ReplyTransformer.java,4,39,16
Groovy,/tmp/clone_directory/src/test/groovy/net/fortuna/ical4j/model/property/BusyTypeSpec.groovy,6,0,16
Groovy,/tmp/clone_directory/src/test/groovy/net/fortuna/ical4j/model/property/DurationSpec.groovy,5,0,16
Groovy,/tmp/clone_directory/src/test/groovy/net/fortuna/ical4j/model/property/StatusFactorySpec.groovy,5,31,16
Groovy,/tmp/clone_directory/src/test/groovy/net/fortuna/ical4j/model/property/TranspSpec.groovy,6,0,16
Groovy,/tmp/clone_directory/src/test/groovy/net/fortuna/ical4j/util/TimeZoneCacheTest.groovy,6,0,16
Java,/tmp/clone_directory/src/test/java/net/fortuna/ical4j/model/component/XComponentTest.java,6,46,16
Java,/tmp/clone_directory/src/test/java/net/fortuna/ical4j/model/parameter/PartStatTest.java,4,45,16
Text,/tmp/clone_directory/src/test/resources/net/fortuna/ical4j/transform/dtstamp/invalid.txt,0,0,16
Java,/tmp/clone_directory/src/main/java/net/fortuna/ical4j/data/CalendarParserFactory.java,6,53,15
Java,/tmp/clone_directory/src/main/java/net/fortuna/ical4j/data/ContentHandler.java,10,76,15
Java,/tmp/clone_directory/src/main/java/net/fortuna/ical4j/filter/predicate/PropertyInRule.java,6,36,15
Java,/tmp/clone_directory/src/main/java/net/fortuna/ical4j/model/TimeZoneRegistryFactory.java,7,53,15
Groovy,/tmp/clone_directory/src/test/groovy/net/fortuna/ical4j/model/component/VLocationFactoryTest.groovy,5,0,15
Groovy,/tmp/clone_directory/src/test/groovy/net/fortuna/ical4j/model/component/VResourceFactoryTest.groovy,5,0,15
Groovy,/tmp/clone_directory/src/test/groovy/net/fortuna/ical4j/model/property/CalScaleSpec.groovy,6,0,15
Groovy,/tmp/clone_directory/src/test/groovy/net/fortuna/ical4j/model/property/VersionSpec.groovy,6,0,15
Java,/tmp/clone_directory/src/test/java/net/fortuna/ical4j/model/TimeTest.java,6,38,15
Java,/tmp/clone_directory/src/test/java/net/fortuna/ical4j/model/component/DaylightTest.java,6,44,15
Java,/tmp/clone_directory/src/test/java/net/fortuna/ical4j/model/component/StandardTest.java,6,44,15
Java,/tmp/clone_directory/src/test/java/net/fortuna/ical4j/model/component/VJournalTest.java,6,45,15
Java,/tmp/clone_directory/src/test/java/net/fortuna/ical4j/model/parameter/DirTest.java,5,49,15
Java,/tmp/clone_directory/src/test/java/net/fortuna/ical4j/model/parameter/EncodingTest.java,4,48,15
Java,/tmp/clone_directory/src/test/java/net/fortuna/ical4j/model/parameter/LanguageTest.java,4,45,15
Java,/tmp/clone_directory/src/test/java/net/fortuna/ical4j/model/parameter/RangeTest.java,4,45,15
Java,/tmp/clone_directory/src/test/java/net/fortuna/ical4j/model/parameter/SentByTest.java,5,46,15
Java,/tmp/clone_directory/src/test/java/net/fortuna/ical4j/model/parameter/XParameterTest.java,4,45,15
XML,/tmp/clone_directory/.checkstyle,0,0,14
Java,/tmp/clone_directory/src/main/java/net/fortuna/ical4j/agent/UserAgent.java,11,134,14
Java,/tmp/clone_directory/src/main/java/net/fortuna/ical4j/filter/predicate/PropertyEqualToRule.java,6,43,14
Java,/tmp/clone_directory/src/main/java/net/fortuna/ical4j/transform/rfc5545/DTStampRule.java,4,5,14
Java,/tmp/clone_directory/src/main/java/net/fortuna/ical4j/validate/DefaultCalendarValidatorFactory.java,5,3,14
Groovy,/tmp/clone_directory/src/test/groovy/net/fortuna/ical4j/data/ContentHandlerContextTest.groovy,7,32,14
Groovy,/tmp/clone_directory/src/test/groovy/net/fortuna/ical4j/model/DateRangeTest.groovy,6,0,14
Groovy,/tmp/clone_directory/src/test/groovy/net/fortuna/ical4j/model/UtcOffsetSpec.groovy,5,31,14
Java,/tmp/clone_directory/src/test/java/net/fortuna/ical4j/model/parameter/FbTypeTest.java,4,45,14
Java,/tmp/clone_directory/src/test/java/net/fortuna/ical4j/model/parameter/FmtTypeTest.java,4,45,14
Java,/tmp/clone_directory/src/test/java/net/fortuna/ical4j/model/parameter/RelTypeTest.java,4,45,14
Java,/tmp/clone_directory/src/test/java/net/fortuna/ical4j/model/parameter/RelatedTest.java,4,45,14
Java,/tmp/clone_directory/src/test/java/net/fortuna/ical4j/model/parameter/RoleTest.java,4,45,14
Java,/tmp/clone_directory/src/test/java/net/fortuna/ical4j/model/parameter/RsvpTest.java,4,45,14
Java,/tmp/clone_directory/src/test/java/net/fortuna/ical4j/model/parameter/TypeTest.java,4,45,14
Java,/tmp/clone_directory/src/test/java/net/fortuna/ical4j/model/parameter/ValueTest.java,4,45,14
Java,/tmp/clone_directory/src/test/java/net/fortuna/ical4j/model/parameter/VvenueTest.java,4,45,14
Groovy,/tmp/clone_directory/src/main/groovy/net/fortuna/ical4j/groovy/ParameterListExtension.groovy,4,0,13
Groovy,/tmp/clone_directory/src/main/groovy/net/fortuna/ical4j/groovy/PropertyListExtension.groovy,4,0,13
Groovy,/tmp/clone_directory/src/main/groovy/net/fortuna/ical4j/model/parameter/AbbrevFactory.groovy,4,35,13
Groovy,/tmp/clone_directory/src/main/groovy/net/fortuna/ical4j/model/parameter/AltRepFactory.groovy,2,35,13
Groovy,/tmp/clone_directory/src/main/groovy/net/fortuna/ical4j/model/parameter/CnFactory.groovy,2,35,13
Groovy,/tmp/clone_directory/src/main/groovy/net/fortuna/ical4j/model/parameter/DelegatedFromFactory.groovy,2,35,13
Groovy,/tmp/clone_directory/src/main/groovy/net/fortuna/ical4j/model/parameter/DelegatedToFactory.groovy,2,35,13
Groovy,/tmp/clone_directory/src/main/groovy/net/fortuna/ical4j/model/parameter/DirFactory.groovy,2,35,13
Groovy,/tmp/clone_directory/src/main/groovy/net/fortuna/ical4j/model/parameter/FmtTypeFactory.groovy,2,35,13
Groovy,/tmp/clone_directory/src/main/groovy/net/fortuna/ical4j/model/parameter/LanguageFactory.groovy,2,35,13
Groovy,/tmp/clone_directory/src/main/groovy/net/fortuna/ical4j/model/parameter/MemberFactory.groovy,2,35,13
Groovy,/tmp/clone_directory/src/main/groovy/net/fortuna/ical4j/model/parameter/SentByFactory.groovy,2,35,13
Groovy,/tmp/clone_directory/src/main/groovy/net/fortuna/ical4j/model/parameter/TypeFactory.groovy,2,35,13
Groovy,/tmp/clone_directory/src/main/groovy/net/fortuna/ical4j/model/parameter/TzIdFactory.groovy,2,35,13
Java,/tmp/clone_directory/src/main/java/net/fortuna/ical4j/validate/component/VAvailabilityValidator.java,4,32,13
Groovy,/tmp/clone_directory/src/test/groovy/net/fortuna/ical4j/model/property/RequestStatusFactorySpec.groovy,5,31,13
Java,/tmp/clone_directory/src/test/java/net/fortuna/ical4j/transform/rfc5545/CreatedPropertyRuleTest.java,5,0,13
Markdown,/tmp/clone_directory/.github/ISSUE_TEMPLATE/feature_request.md,5,0,12
Java,/tmp/clone_directory/src/main/java/net/fortuna/ical4j/transform/rfc5545/DateListPropertyRule.java,5,6,12
Java,/tmp/clone_directory/src/main/java/net/fortuna/ical4j/transform/rfc5545/TzIdRule.java,5,5,12
Java,/tmp/clone_directory/src/main/java/net/fortuna/ical4j/validate/component/AvailableValidator.java,4,32,12
Java,/tmp/clone_directory/src/main/java/net/fortuna/ical4j/validate/component/VFreeBusyValidator.java,4,32,12
Java,/tmp/clone_directory/src/main/java/net/fortuna/ical4j/validate/property/AttachValidator.java,4,32,12
Java,/tmp/clone_directory/src/main/java/net/fortuna/ical4j/validate/property/TriggerValidator.java,4,35,12
Groovy,/tmp/clone_directory/src/test/groovy/net/fortuna/ical4j/data/ServiceLoaderComponentFactorySupplierTest.groovy,5,0,12
Groovy,/tmp/clone_directory/src/test/groovy/net/fortuna/ical4j/data/ServiceLoaderParameterFactorySupplierTest.groovy,5,0,12
Groovy,/tmp/clone_directory/src/test/groovy/net/fortuna/ical4j/data/ServiceLoaderPropertyFactorySupplierTest.groovy,5,0,12
Groovy,/tmp/clone_directory/src/test/groovy/net/fortuna/ical4j/model/TextListRegexTest.groovy,4,35,12
Groovy,/tmp/clone_directory/src/test/groovy/net/fortuna/ical4j/model/property/PostalcodeSpec.groovy,5,3,12
Groovy,/tmp/clone_directory/src/test/groovy/net/fortuna/ical4j/util/RandomUidGeneratorTest.groovy,5,0,12
Groovy,/tmp/clone_directory/src/main/groovy/net/fortuna/ical4j/groovy/PeriodExtension.groovy,3,31,11
Groovy,/tmp/clone_directory/src/main/groovy/net/fortuna/ical4j/model/ParameterListFactory.groovy,4,39,11
Java,/tmp/clone_directory/src/main/java/net/fortuna/ical4j/model/ComponentContainer.java,5,0,11
Java,/tmp/clone_directory/src/main/java/net/fortuna/ical4j/util/Numbers.java,3,48,11
Java,/tmp/clone_directory/src/main/java/net/fortuna/ical4j/util/SimpleHostInfo.java,5,41,11
Java,/tmp/clone_directory/src/main/java/net/fortuna/ical4j/validate/AbstractCalendarValidatorFactory.java,4,3,11
JSON,/tmp/clone_directory/src/main/resources/META-INF/native-image/com.fortuna.ical4j/reflect-config.json,0,0,11
Groovy,/tmp/clone_directory/src/test/groovy/net/fortuna/ical4j/AbstractBuilderTest.groovy,4,0,11
Java,/tmp/clone_directory/src/test/java/net/fortuna/ical4j/model/parameter/CuTypeTest.java,3,42,11
Groovy,/tmp/clone_directory/src/main/groovy/net/fortuna/ical4j/groovy/DurExtension.groovy,3,31,10
Java,/tmp/clone_directory/src/main/java/net/fortuna/ical4j/data/CalendarParser.java,4,55,10
Java,/tmp/clone_directory/src/main/java/net/fortuna/ical4j/model/CalendarException.java,4,41,10
Java,/tmp/clone_directory/src/main/java/net/fortuna/ical4j/model/PropertyContainer.java,4,0,10
Java,/tmp/clone_directory/src/main/java/net/fortuna/ical4j/model/PropertyFactory.java,5,54,10
XML,/tmp/clone_directory/etc/checkstyle-suppressions.xml,2,0,9
Java,/tmp/clone_directory/src/main/java/net/fortuna/ical4j/model/ComponentFactory.java,5,4,9
Java,/tmp/clone_directory/src/main/java/net/fortuna/ical4j/model/ConstraintViolationException.java,4,46,9
Java,/tmp/clone_directory/src/main/java/net/fortuna/ical4j/transform/Transformer.java,4,45,9
Java,/tmp/clone_directory/src/main/java/net/fortuna/ical4j/util/RandomUidGenerator.java,4,24,9
Java,/tmp/clone_directory/src/test/java/net/fortuna/ical4j/model/parameter/CnTest.java,4,43,9
Java,/tmp/clone_directory/src/main/java/net/fortuna/ical4j/model/FluentComponent.java,4,35,8
Java,/tmp/clone_directory/src/main/java/net/fortuna/ical4j/model/FluentProperty.java,4,35,8
Java,/tmp/clone_directory/src/main/java/net/fortuna/ical4j/model/ParameterFactoryRegistry.java,3,39,8
Java,/tmp/clone_directory/src/main/java/net/fortuna/ical4j/model/PropertyFactoryRegistry.java,3,39,8
Java,/tmp/clone_directory/src/main/java/net/fortuna/ical4j/transform/RefreshTransformer.java,4,39,8
Java,/tmp/clone_directory/src/main/java/net/fortuna/ical4j/util/TimeZoneCache.java,6,0,8
Java,/tmp/clone_directory/src/main/java/net/fortuna/ical4j/validate/EmptyValidator.java,3,3,8
Groovy,/tmp/clone_directory/src/test/groovy/net/fortuna/ical4j/model/DateTimeFormattingTest.groovy,3,31,8
Groovy,/tmp/clone_directory/src/test/groovy/net/fortuna/ical4j/transform/rfc5545/TzHelperTest.groovy,4,32,8
Java,/tmp/clone_directory/src/main/java/net/fortuna/ical4j/data/HCalendarParserFactory.java,3,46,7
Java,/tmp/clone_directory/src/main/java/net/fortuna/ical4j/model/DefaultTimeZoneRegistryFactory.java,2,42,7
Java,/tmp/clone_directory/src/main/java/net/fortuna/ical4j/model/ParameterFactory.java,5,55,7
Java,/tmp/clone_directory/src/main/java/net/fortuna/ical4j/model/TimeZoneRegistry.java,5,65,7
JSON,/tmp/clone_directory/src/main/resources/META-INF/native-image/com.fortuna.ical4j/resource-config.json,0,0,7
HTML,/tmp/clone_directory/etc/overview.html,0,0,6
Groovy,/tmp/clone_directory/src/main/groovy/net/fortuna/ical4j/model/parameter/AbstractParameterFactory.groovy,3,42,6
HTML,/tmp/clone_directory/src/main/java/net/fortuna/ical4j/transform/rfc5545/package.html,0,0,6
HTML,/tmp/clone_directory/src/main/resources/net/fortuna/ical4j/transform/package.html,7,26,6
HTML,/tmp/clone_directory/src/main/resources/net/fortuna/ical4j/util/package.html,7,26,6
Properties,/tmp/clone_directory/gradle/wrapper/gradle-wrapper.properties,0,0,5
Java,/tmp/clone_directory/src/main/java/net/fortuna/ical4j/filter/expression/LiteralExpression.java,4,32,5
Java,/tmp/clone_directory/src/main/java/net/fortuna/ical4j/transform/rfc5545/Rfc5545Rule.java,3,19,5
Java,/tmp/clone_directory/src/main/java/net/fortuna/ical4j/util/UidGenerator.java,3,3,5
Java,/tmp/clone_directory/src/main/java/net/fortuna/ical4j/validate/CalendarValidatorFactory.java,3,7,5
Java,/tmp/clone_directory/src/main/java/net/fortuna/ical4j/transform/rfc5545/Rfc5545ComponentRule.java,3,8,4
Java,/tmp/clone_directory/src/main/java/net/fortuna/ical4j/transform/rfc5545/Rfc5545PropertyRule.java,3,8,4
Java,/tmp/clone_directory/src/main/java/net/fortuna/ical4j/util/HostInfo.java,2,40,4
Java,/tmp/clone_directory/src/main/java/net/fortuna/ical4j/model/Encodable.java,2,40,3
Java,/tmp/clone_directory/src/main/resources/net/fortuna/ical4j/agent/package-info.java,1,34,3
Java,/tmp/clone_directory/src/main/resources/net/fortuna/ical4j/data/package-info.java,1,34,3
Java,/tmp/clone_directory/src/main/resources/net/fortuna/ical4j/filter/package-info.java,1,34,3
Java,/tmp/clone_directory/src/main/resources/net/fortuna/ical4j/model/component/package-info.java,1,34,3
Java,/tmp/clone_directory/src/main/resources/net/fortuna/ical4j/model/package-info.java,1,34,3
Java,/tmp/clone_directory/src/main/resources/net/fortuna/ical4j/model/parameter/package-info.java,1,34,3
Java,/tmp/clone_directory/src/main/resources/net/fortuna/ical4j/model/property/package-info.java,1,34,3
HTML,/tmp/clone_directory/src/main/resources/overview.html,7,26,3
Bourne Shell,/tmp/clone_directory/etc/scripts/generate-htaccess-alias.sh,0,4,2
Bourne Shell,/tmp/clone_directory/etc/scripts/generate-tz-alias.sh,0,4,2
YAML,/tmp/clone_directory/.github/FUNDING.yml,0,0,1
YAML,/tmp/clone_directory/FUNDING.yml,0,0,1
Gradle,/tmp/clone_directory/settings.gradle,0,0,1
Properties,/tmp/clone_directory/src/test/resources/ical4j.properties,13,54,1
SUM,,9867,34939,43694
