language,filename,blank,comment,code,"github.com/AlDanial/cloc v 1.98  T=0.18 s (2999.4 files/s 299338.6 lines/s)"
Text,/tmp/clone_directory/core/src/test/resources/trait-property-test-expected.txt,0,0,1296
Java,/tmp/clone_directory/generators/src/test/java/com/pholser/junit/quickcheck/PrimitivePropertyParameterTypesTest.java,260,20,1053
Java,/tmp/clone_directory/core/src/test/java/com/pholser/junit/quickcheck/UsualJUnitMachineryOnTraitBasedPropertyTest.java,192,20,856
Java,/tmp/clone_directory/core/src/test/java/com/pholser/junit/quickcheck/ExhaustingAGivenSetButIncludingAnotherTest.java,146,21,652
Java,/tmp/clone_directory/core/src/test/java/com/pholser/junit/quickcheck/ExhaustingAGivenSetTest.java,128,21,595
Java,/tmp/clone_directory/core/src/test/java/com/pholser/junit/quickcheck/SamplingButAlsoIncludingAGivenSetTest.java,148,21,582
Java,/tmp/clone_directory/generators/src/test/java/com/pholser/junit/quickcheck/BigNumberPropertyParameterTypesTest.java,110,20,482
Java,/tmp/clone_directory/core/src/test/java/com/pholser/junit/quickcheck/SamplingOnlyFromAGivenSetTest.java,124,21,467
Java,/tmp/clone_directory/core/src/test/java/com/pholser/junit/quickcheck/internal/ReflectionTest.java,103,22,464
Maven,/tmp/clone_directory/pom.xml,16,1,453
Java,/tmp/clone_directory/core/src/test/java/com/pholser/junit/quickcheck/UsualJUnitMachineryOnSubclassPropertyTest.java,90,20,412
Java,/tmp/clone_directory/core/src/main/java/com/pholser/junit/quickcheck/internal/ParameterTypeContext.java,73,44,380
Text,/tmp/clone_directory/core/src/test/resources/subclass-property-test-expected.txt,0,0,369
Java,/tmp/clone_directory/core/src/test/java/com/pholser/junit/quickcheck/ComposedObjectsTest.java,83,20,347
Java,/tmp/clone_directory/core/src/main/java/com/pholser/junit/quickcheck/internal/generator/GeneratorRepository.java,87,20,334
Java,/tmp/clone_directory/core/src/test/java/com/pholser/junit/quickcheck/PropertiesWithExplicitGeneratorsTest.java,71,21,315
Java,/tmp/clone_directory/generators/src/test/java/com/pholser/junit/quickcheck/MapPropertyParameterTypesTest.java,64,32,275
Java,/tmp/clone_directory/core/src/main/java/com/pholser/junit/quickcheck/internal/Reflection.java,61,20,265
Markdown,/tmp/clone_directory/src/site/markdown/usage/complex-types.md,78,0,258
Java,/tmp/clone_directory/core/src/test/java/com/pholser/junit/quickcheck/PropertyParameterGenerationByConstructorTest.java,53,20,241
Java,/tmp/clone_directory/core/src/test/java/com/pholser/junit/quickcheck/ShrinkingTest.java,49,20,212
XML,/tmp/clone_directory/conf/src-checkstyle.xml,14,16,202
Java,/tmp/clone_directory/core/src/test/java/com/pholser/junit/quickcheck/PropertyParameterGenerationByFieldsTest.java,39,20,200
Java,/tmp/clone_directory/generators/src/test/java/com/pholser/junit/quickcheck/ListPropertyParameterTypesTest.java,47,25,196
Markdown,/tmp/clone_directory/src/site/markdown/usage/verification-modes.md,48,0,192
Java,/tmp/clone_directory/core/src/test/java/com/pholser/junit/quickcheck/random/GeneratingRandomValuesTest.java,63,20,187
Java,/tmp/clone_directory/core/src/test/java/com/pholser/junit/quickcheck/MinimalCounterexampleHookTest.java,36,23,179
Java,/tmp/clone_directory/core/src/test/java/com/pholser/junit/quickcheck/PropertyParameterConfigurationIsolationTest.java,46,20,173
Java,/tmp/clone_directory/core/src/main/java/com/pholser/junit/quickcheck/random/SourceOfRandomness.java,50,195,163
Java,/tmp/clone_directory/core/src/main/java/com/pholser/junit/quickcheck/runner/ShrinkNode.java,38,23,161
Java,/tmp/clone_directory/generators/src/main/java/com/pholser/junit/quickcheck/generator/java/util/MapGenerator.java,40,47,161
Java,/tmp/clone_directory/core/src/test/java/com/pholser/junit/quickcheck/internal/CartesianIteratorTest.java,39,20,160
Java,/tmp/clone_directory/generators/src/test/java/com/pholser/junit/quickcheck/PrimitiveArrayPropertyParameterTypesTest.java,44,20,157
Java,/tmp/clone_directory/core/src/main/java/com/pholser/junit/quickcheck/runner/PropertyStatement.java,26,20,155
Java,/tmp/clone_directory/generators/src/test/java/com/pholser/junit/quickcheck/ZonedDateTimePropertyParameterTypesTest.java,28,20,155
Java,/tmp/clone_directory/core/src/main/java/com/pholser/junit/quickcheck/generator/Generator.java,47,201,153
Java,/tmp/clone_directory/generators/src/test/java/com/pholser/junit/quickcheck/LocalDateTimePropertyParameterTypesTest.java,28,20,152
Java,/tmp/clone_directory/generators/src/test/java/com/pholser/junit/quickcheck/OffsetDateTimePropertyParameterTypesTest.java,29,20,152
Java,/tmp/clone_directory/generators/src/test/java/com/pholser/junit/quickcheck/OffsetTimePropertyParameterTypesTest.java,29,20,148
Java,/tmp/clone_directory/core/src/test/java/com/pholser/junit/quickcheck/runner/PropertyFalsifiedUtilityClassTest.java,26,20,147
Java,/tmp/clone_directory/generators/src/test/java/com/pholser/junit/quickcheck/LocalTimePropertyParameterTypesTest.java,28,20,142
Java,/tmp/clone_directory/core/src/test/java/com/pholser/junit/quickcheck/internal/generator/ConstrainingWhatGeneratorsCanAcceptCertainComponentsTest.java,43,20,140
Java,/tmp/clone_directory/generators/src/test/java/com/pholser/junit/quickcheck/Primitive2DArrayPropertyParameterTypesTest.java,39,20,139
Java,/tmp/clone_directory/generators/src/test/java/com/pholser/junit/quickcheck/Primitive3DArrayPropertyParameterTypesTest.java,39,20,139
Java,/tmp/clone_directory/generators/src/test/java/com/pholser/junit/quickcheck/LocalDatePropertyParameterTypesTest.java,28,20,138
Java,/tmp/clone_directory/core/src/main/java/com/pholser/junit/quickcheck/internal/generator/ArrayGenerator.java,35,33,134
Java,/tmp/clone_directory/generators/src/main/java/com/pholser/junit/quickcheck/generator/java/util/RFC4122.java,37,62,132
Markdown,/tmp/clone_directory/src/site/markdown/background/history.md,42,0,132
Java,/tmp/clone_directory/generators/src/test/java/com/pholser/junit/quickcheck/DatePropertyParameterTypesTest.java,27,20,131
Markdown,/tmp/clone_directory/src/site/markdown/usage/other-types.md,41,0,128
Java,/tmp/clone_directory/core/src/test/java/com/pholser/junit/quickcheck/internal/generator/CorePropertyParameterTest.java,32,20,126
Java,/tmp/clone_directory/core/src/test/java/com/pholser/junit/quickcheck/UsualJUnitMachineryOnPropertyBasedTest.java,29,20,123
Java,/tmp/clone_directory/core/src/main/java/com/pholser/junit/quickcheck/internal/generator/PropertyParameterGenerationContext.java,39,20,121
Java,/tmp/clone_directory/core/src/test/java/com/pholser/junit/quickcheck/GenericArrayPropertyParameterTypesTest.java,30,20,121
Java,/tmp/clone_directory/generators/src/test/java/com/pholser/junit/quickcheck/YearMonthPropertyParameterTypesTest.java,28,20,121
Java,/tmp/clone_directory/generators/src/test/java/com/pholser/junit/quickcheck/MonthDayPropertyParameterTypesTest.java,28,20,119
Java,/tmp/clone_directory/generators/src/main/java/com/pholser/junit/quickcheck/generator/java/util/CollectionGenerator.java,32,47,117
Java,/tmp/clone_directory/core/src/main/java/com/pholser/junit/quickcheck/internal/generator/CompositeGenerator.java,37,20,116
Java,/tmp/clone_directory/generators/src/test/java/com/pholser/junit/quickcheck/ClockPropertyParameterTypesTest.java,24,20,115
Java,/tmp/clone_directory/generators/src/test/java/com/pholser/junit/quickcheck/DurationPropertyParameterTypesTest.java,24,20,114
Java,/tmp/clone_directory/generators/src/main/java/com/pholser/junit/quickcheck/generator/java/lang/strings/CodePoints.java,35,42,113
Java,/tmp/clone_directory/generators/src/test/java/com/pholser/junit/quickcheck/Generating.java,44,20,111
Java,/tmp/clone_directory/generators/src/test/java/com/pholser/junit/quickcheck/InstantPropertyParameterTypesTest.java,25,20,111
Java,/tmp/clone_directory/generators/src/test/java/com/pholser/junit/quickcheck/YearPropertyParameterTypesTest.java,28,20,111
Markdown,/tmp/clone_directory/src/site/markdown/usage/configuring.md,27,0,110
Java,/tmp/clone_directory/generators/src/test/java/com/pholser/junit/quickcheck/SetPropertyParameterTypesTest.java,30,25,108
Java,/tmp/clone_directory/core/src/test/java/com/pholser/junit/quickcheck/generator/GenerationStatusOnPropertyParametersTest.java,32,21,107
Java,/tmp/clone_directory/generators/src/test/java/com/pholser/junit/quickcheck/PeriodPropertyParameterTypesTest.java,25,20,105
Maven,/tmp/clone_directory/generators/pom.xml,5,0,104
Markdown,/tmp/clone_directory/src/site/markdown/usage/constraining.md,33,0,101
Markdown,/tmp/clone_directory/src/site/markdown/usage/shrinking.md,26,0,101
Java,/tmp/clone_directory/core/src/main/java/com/pholser/junit/quickcheck/internal/sampling/ExhaustiveParameterSampler.java,24,20,100
Java,/tmp/clone_directory/core/src/test/java/com/pholser/junit/quickcheck/UsualJUnitMachineryOnShrinkingPropertyBasedTest.java,25,20,100
Java,/tmp/clone_directory/examples/src/test/java/com/pholser/junit/quickcheck/examples/nullable/NullableParameterTest.java,31,22,100
Maven,/tmp/clone_directory/guava/pom.xml,5,0,98
Maven,/tmp/clone_directory/core/pom.xml,6,0,97
Java,/tmp/clone_directory/core/src/main/java/com/pholser/junit/quickcheck/generator/Lambdas.java,25,49,96
Java,/tmp/clone_directory/core/src/main/java/com/pholser/junit/quickcheck/internal/Sequences.java,36,20,96
Java,/tmp/clone_directory/core/src/main/java/com/pholser/junit/quickcheck/generator/Gen.java,30,134,94
Java,/tmp/clone_directory/generators/src/main/java/com/pholser/junit/quickcheck/generator/java/math/BigDecimalGenerator.java,30,53,94
Java,/tmp/clone_directory/core/src/test/java/com/pholser/junit/quickcheck/internal/ComparablesTest.java,28,20,93
Java,/tmp/clone_directory/generators/src/test/java/com/pholser/junit/quickcheck/generator/java/util/function/BiFunctionPropertyParameterTest.java,28,20,93
Java,/tmp/clone_directory/core/src/test/java/com/pholser/junit/quickcheck/MarkingTypeUsesOnPropertyParametersWithConfigurationTest.java,23,20,92
Java,/tmp/clone_directory/core/src/test/java/com/pholser/junit/quickcheck/Objects.java,32,30,91
Java,/tmp/clone_directory/generators/src/test/java/com/pholser/junit/quickcheck/ZoneOffsetPropertyParameterTypesTest.java,25,20,89
Java,/tmp/clone_directory/generators/src/main/java/com/pholser/junit/quickcheck/generator/java/lang/AbstractStringGenerator.java,28,26,88
Java,/tmp/clone_directory/generators/src/test/java/com/pholser/junit/quickcheck/StringPropertyParameterTypesTest.java,30,20,88
Java,/tmp/clone_directory/core/src/test/java/com/pholser/junit/quickcheck/internal/ItemsTest.java,22,20,87
Java,/tmp/clone_directory/core/src/test/java/com/pholser/junit/quickcheck/internal/generator/RegisteringGeneratorsForHierarchyOfArrayListTest.java,31,20,87
Java,/tmp/clone_directory/generators/src/test/java/com/pholser/junit/quickcheck/SizeConstrainedArrayPropertyParameterTypesTest.java,24,20,85
Java,/tmp/clone_directory/core/src/main/java/com/pholser/junit/quickcheck/runner/PropertyVerifier.java,17,21,83
Maven,/tmp/clone_directory/examples/pom.xml,6,0,83
Java,/tmp/clone_directory/core/src/test/java/com/pholser/junit/quickcheck/PropertyParameterMarkedWithSuperfluousConfigurationTest.java,22,20,82
Java,/tmp/clone_directory/core/src/test/java/com/pholser/junit/quickcheck/internal/SequencesTest.java,18,20,79
Java,/tmp/clone_directory/core/src/test/java/com/pholser/junit/quickcheck/internal/ListsTest.java,20,20,76
Java,/tmp/clone_directory/core/src/test/java/com/pholser/junit/quickcheck/internal/generator/PropertyParameterGenerationContextTest.java,20,20,75
Java,/tmp/clone_directory/core/src/main/java/com/pholser/junit/quickcheck/internal/generator/NullableGenerator.java,26,20,74
Java,/tmp/clone_directory/core/src/main/java/com/pholser/junit/quickcheck/internal/Lists.java,17,20,73
Java,/tmp/clone_directory/core/src/test/java/com/pholser/junit/quickcheck/PropertyExhaustiveSampleSizeTest.java,18,20,73
Java,/tmp/clone_directory/core/src/main/java/com/pholser/junit/quickcheck/internal/Ranges.java,24,32,71
Java,/tmp/clone_directory/core/src/main/java/com/pholser/junit/quickcheck/runner/Shrinker.java,20,20,70
Java,/tmp/clone_directory/generators/src/test/java/com/pholser/junit/quickcheck/generator/java/lang/strings/CodePointsTest.java,15,20,70
Java,/tmp/clone_directory/generators/src/test/java/com/pholser/junit/quickcheck/generator/java/util/function/FunctionPropertyParameterTest.java,22,20,70
Java,/tmp/clone_directory/core/src/test/java/com/pholser/junit/quickcheck/test/generator/AFoo.java,19,20,69
Java,/tmp/clone_directory/guava/src/test/java/com/pholser/junit/quickcheck/guava/generator/FunctionPropertyParameterTypesTest.java,23,20,69
Java,/tmp/clone_directory/core/src/test/java/com/pholser/junit/quickcheck/generator/LambdasTest.java,18,20,68
Java,/tmp/clone_directory/core/src/main/java/com/pholser/junit/quickcheck/internal/generator/MarkerInterfaceGenerator.java,24,20,66
Java,/tmp/clone_directory/core/src/main/java/com/pholser/junit/quickcheck/runner/PropertyFalsified.java,15,20,66
Java,/tmp/clone_directory/generators/src/main/java/com/pholser/junit/quickcheck/generator/DecimalGenerator.java,27,60,66
Java,/tmp/clone_directory/generators/src/main/java/com/pholser/junit/quickcheck/generator/java/util/PropertiesGenerator.java,18,23,65
Java,/tmp/clone_directory/core/src/main/java/com/pholser/junit/quickcheck/internal/FakeAnnotatedTypeFactory.java,27,22,64
Java,/tmp/clone_directory/core/src/main/java/com/pholser/junit/quickcheck/internal/PropertyParameterContext.java,26,20,63
Java,/tmp/clone_directory/core/src/main/java/com/pholser/junit/quickcheck/internal/sampling/TupleParameterSampler.java,16,20,63
Java,/tmp/clone_directory/core/src/main/java/com/pholser/junit/quickcheck/runner/JUnitQuickcheckTestClass.java,15,32,63
Java,/tmp/clone_directory/core/src/test/java/com/pholser/junit/quickcheck/internal/generator/ExplicitGroupOfGeneratorsChosenWithEqualProbabilityTest.java,22,20,63
Java,/tmp/clone_directory/core/src/test/java/com/pholser/junit/quickcheck/internal/generator/RegisteringGeneratorsForHierarchyOfBigDecimalTest.java,23,20,63
Java,/tmp/clone_directory/generators/src/main/java/com/pholser/junit/quickcheck/generator/java/math/BigIntegerGenerator.java,22,38,63
Java,/tmp/clone_directory/core/src/test/java/com/pholser/junit/quickcheck/EqualsHashCodePropertiesTest.java,25,23,62
Java,/tmp/clone_directory/core/src/test/java/com/pholser/junit/quickcheck/internal/generator/PropertyParameterGenerationContextWithNonShrinkingGeneratorTest.java,20,20,62
Java,/tmp/clone_directory/generators/src/test/java/com/pholser/junit/quickcheck/SizeConstrainedStringPropertyParameterTypesTest.java,18,20,62
Java,/tmp/clone_directory/core/src/test/java/com/pholser/junit/quickcheck/internal/generator/RegisteringGeneratorsForHierarchyOfHashMapTest.java,23,20,61
XML,/tmp/clone_directory/src/site/site.xml,0,0,61
Java,/tmp/clone_directory/core/src/test/java/com/pholser/junit/quickcheck/internal/generator/ExplicitGeneratorsChosenWithEqualProbabilityTest.java,22,20,60
Java,/tmp/clone_directory/core/src/test/java/com/pholser/junit/quickcheck/internal/generator/ExplicitGroupOfGeneratorsChosenWithDiscreteProbabilityTest.java,22,20,60
Java,/tmp/clone_directory/core/src/test/java/com/pholser/junit/quickcheck/internal/GeometricDistributionTest.java,21,20,59
Java,/tmp/clone_directory/core/src/test/java/com/pholser/junit/quickcheck/internal/generator/RegisterGeneratorsByConventionTest.java,12,0,59
Java,/tmp/clone_directory/examples/src/main/java/com/pholser/junit/quickcheck/examples/geom/Polygon.java,23,25,59
Java,/tmp/clone_directory/core/src/main/java/com/pholser/junit/quickcheck/internal/conversion/StringConversions.java,19,21,58
Java,/tmp/clone_directory/core/src/test/java/com/pholser/junit/quickcheck/PropertyTupleSampleSizeTest.java,17,20,58
Java,/tmp/clone_directory/core/src/test/java/com/pholser/junit/quickcheck/internal/generator/CompositeGeneratorTest.java,16,20,57
Java,/tmp/clone_directory/generators/src/test/java/com/pholser/junit/quickcheck/SizeConstrainedListPropertyParameterTypesTest.java,19,20,57
Java,/tmp/clone_directory/generators/src/test/java/com/pholser/junit/quickcheck/SizeConstrainedSetPropertyParameterTypesTest.java,20,20,57
Java,/tmp/clone_directory/generators/src/test/java/com/pholser/junit/quickcheck/generator/RangeAttributes.java,25,20,57
Java,/tmp/clone_directory/generators/src/test/java/com/pholser/junit/quickcheck/generator/java/math/BigDecimalWithSpecifiedPrecisionPropertyParameterTest.java,14,20,57
Java,/tmp/clone_directory/core/src/test/java/com/pholser/junit/quickcheck/BasicCapabilitiesOfGeneratorTest.java,19,20,56
Java,/tmp/clone_directory/core/src/test/java/com/pholser/junit/quickcheck/ResolvingGenericPropertyParameterTypesTest.java,18,20,56
Java,/tmp/clone_directory/core/src/test/java/com/pholser/junit/quickcheck/internal/generator/OneOfSetOfGeneratorsTest.java,17,20,56
Java,/tmp/clone_directory/core/src/main/java/com/pholser/junit/quickcheck/generator/ComponentizedGenerator.java,22,39,55
Java,/tmp/clone_directory/core/src/main/java/com/pholser/junit/quickcheck/generator/Ctor.java,23,46,55
Java,/tmp/clone_directory/core/src/test/java/com/pholser/junit/quickcheck/ReproIssue175Test.java,19,20,55
Java,/tmp/clone_directory/generators/src/test/java/com/pholser/junit/quickcheck/DistinctListPropertyParameterTypesTest.java,16,20,55
Java,/tmp/clone_directory/generators/src/test/java/com/pholser/junit/quickcheck/generator/java/math/BigDecimalPropertyParameterTest.java,14,20,55
Java,/tmp/clone_directory/generators/src/test/java/com/pholser/junit/quickcheck/generator/java/math/RangedBigDecimalNoMinWithLesserSpecifiedPrecisionPropertyParameterTest.java,14,20,55
Java,/tmp/clone_directory/core/src/main/java/com/pholser/junit/quickcheck/generator/Fields.java,20,42,54
Java,/tmp/clone_directory/core/src/main/java/com/pholser/junit/quickcheck/internal/CartesianIterator.java,22,20,54
Java,/tmp/clone_directory/core/src/main/java/com/pholser/junit/quickcheck/runner/JUnitQuickcheck.java,13,41,54
Java,/tmp/clone_directory/core/src/test/java/com/pholser/junit/quickcheck/PropertyParameterDiscardRatioTest.java,17,20,54
Java,/tmp/clone_directory/generators/src/main/java/com/pholser/junit/quickcheck/generator/java/lang/DoubleGenerator.java,19,34,54
Java,/tmp/clone_directory/generators/src/main/java/com/pholser/junit/quickcheck/generator/java/lang/FloatGenerator.java,19,32,54
Java,/tmp/clone_directory/generators/src/test/java/com/pholser/junit/quickcheck/DistinctArrayPropertyParameterTypesTest.java,15,20,54
Java,/tmp/clone_directory/generators/src/test/java/com/pholser/junit/quickcheck/generator/java/math/RangedBigDecimalNoMinWithGreaterSpecifiedPrecisionPropertyParameterTest.java,14,20,54
Java,/tmp/clone_directory/generators/src/test/java/com/pholser/junit/quickcheck/generator/java/math/RangedBigDecimalWithGreaterSpecifiedPrecisionPropertyParameterTest.java,14,20,54
Java,/tmp/clone_directory/generators/src/test/java/com/pholser/junit/quickcheck/SizeConstrainedMapPropertyParameterTypesTest.java,19,20,53
Java,/tmp/clone_directory/generators/src/test/java/com/pholser/junit/quickcheck/generator/java/math/RangedBigDecimalNoMaxWithGreaterSpecifiedPrecisionPropertyParameterTest.java,14,20,53
Java,/tmp/clone_directory/generators/src/test/java/com/pholser/junit/quickcheck/generator/java/math/RangedBigDecimalNoMaxWithLesserSpecifiedPrecisionPropertyParameterTest.java,14,20,53
Java,/tmp/clone_directory/generators/src/test/java/com/pholser/junit/quickcheck/generator/java/math/RangedBigDecimalWithLesserSpecifiedPrecisionPropertyParameterTest.java,14,20,53
Java,/tmp/clone_directory/generators/src/main/java/com/pholser/junit/quickcheck/generator/java/lang/ByteGenerator.java,18,32,52
Java,/tmp/clone_directory/generators/src/main/java/com/pholser/junit/quickcheck/generator/java/lang/IntegerGenerator.java,18,32,52
Java,/tmp/clone_directory/generators/src/main/java/com/pholser/junit/quickcheck/generator/java/lang/LongGenerator.java,18,32,52
Java,/tmp/clone_directory/generators/src/main/java/com/pholser/junit/quickcheck/generator/java/lang/ShortGenerator.java,18,32,52
Java,/tmp/clone_directory/generators/src/main/java/com/pholser/junit/quickcheck/generator/java/time/PeriodGenerator.java,17,39,52
Java,/tmp/clone_directory/generators/src/test/java/com/pholser/junit/quickcheck/Repro179Test.java,20,20,52
Java,/tmp/clone_directory/generators/src/test/java/com/pholser/junit/quickcheck/generator/java/util/RangedDatePropertyParameterTest.java,16,20,52
Java,/tmp/clone_directory/generators/src/test/java/com/pholser/junit/quickcheck/generator/java/math/RangedBigDecimalNoMaxPropertyParameterTest.java,14,20,51
Java,/tmp/clone_directory/generators/src/test/java/com/pholser/junit/quickcheck/generator/java/math/RangedBigDecimalNoMinPropertyParameterTest.java,14,20,51
Java,/tmp/clone_directory/generators/src/test/java/com/pholser/junit/quickcheck/generator/java/math/RangedBigDecimalPropertyParameterTest.java,14,20,51
Java,/tmp/clone_directory/guava/src/test/java/com/pholser/junit/quickcheck/guava/generator/OptionalPropertyParameterTest.java,14,20,51
Java,/tmp/clone_directory/examples/src/main/java/com/pholser/junit/quickcheck/examples/crypto/SymmetricCrypto.java,20,20,50
Java,/tmp/clone_directory/generators/src/main/java/com/pholser/junit/quickcheck/generator/IntegralGenerator.java,22,59,50
Java,/tmp/clone_directory/generators/src/test/java/com/pholser/junit/quickcheck/DistinctMapPropertyParameterTypesTest.java,16,20,50
Java,/tmp/clone_directory/generators/src/test/java/com/pholser/junit/quickcheck/generator/java/math/BigIntegerPropertyParameterTest.java,13,20,50
Java,/tmp/clone_directory/generators/src/test/java/com/pholser/junit/quickcheck/generator/java/util/function/BinaryOperatorPropertyParameterTest.java,17,20,50
Java,/tmp/clone_directory/core/src/test/java/com/pholser/junit/quickcheck/random/GeneratingRandomValuesFromJavaUtilRandomCloneTest.java,21,21,49
Java,/tmp/clone_directory/generators/src/main/java/com/pholser/junit/quickcheck/generator/java/lang/CodePointShrink.java,13,20,49
Java,/tmp/clone_directory/generators/src/main/java/com/pholser/junit/quickcheck/generator/java/util/OptionalDoubleGenerator.java,17,34,49
Java,/tmp/clone_directory/generators/src/main/java/com/pholser/junit/quickcheck/generator/java/util/OptionalIntGenerator.java,17,33,49
Java,/tmp/clone_directory/generators/src/main/java/com/pholser/junit/quickcheck/generator/java/util/OptionalLongGenerator.java,17,33,49
Java,/tmp/clone_directory/guava/src/main/java/com/pholser/junit/quickcheck/guava/generator/OptionalGenerator.java,16,23,49
Java,/tmp/clone_directory/guava/src/test/java/com/pholser/junit/quickcheck/guava/generator/FunctionOfStringToIntPropertyParameterTest.java,20,21,49
Java,/tmp/clone_directory/core/src/main/java/com/pholser/junit/quickcheck/internal/constraint/ConstraintEvaluator.java,16,20,48
Java,/tmp/clone_directory/core/src/test/java/com/pholser/junit/quickcheck/EnumPropertyParameterTypesTest.java,15,20,48
Java,/tmp/clone_directory/generators/src/main/java/com/pholser/junit/quickcheck/generator/java/util/BitSetGenerator.java,17,23,48
Java,/tmp/clone_directory/generators/src/test/java/com/pholser/junit/quickcheck/PropertiesPropertyParameterTypesTest.java,15,20,48
Java,/tmp/clone_directory/generators/src/main/java/com/pholser/junit/quickcheck/generator/java/util/OptionalGenerator.java,16,23,47
Java,/tmp/clone_directory/generators/src/test/java/com/pholser/junit/quickcheck/generator/java/util/function/BiPredicatePropertyParameterTest.java,16,20,47
Java,/tmp/clone_directory/guava/src/test/java/com/pholser/junit/quickcheck/guava/generator/SupplierPropertyParameterTest.java,16,22,47
Java,/tmp/clone_directory/core/src/test/java/com/pholser/junit/quickcheck/internal/RangesTest.java,12,20,46
Java,/tmp/clone_directory/generators/src/main/java/com/pholser/junit/quickcheck/generator/java/time/ZonedDateTimeGenerator.java,15,41,46
Java,/tmp/clone_directory/generators/src/test/java/com/pholser/junit/quickcheck/DistinctSetPropertyParameterTypesTest.java,11,0,46
Java,/tmp/clone_directory/generators/src/test/java/com/pholser/junit/quickcheck/generator/java/math/RangedBigIntegerPropertyParameterTest.java,14,20,46
Java,/tmp/clone_directory/generators/src/test/java/com/pholser/junit/quickcheck/generator/java/util/OptionalPropertyParameterTest.java,15,20,46
Java,/tmp/clone_directory/generators/src/test/java/com/pholser/junit/quickcheck/generator/java/util/SetOfSuperFloatPropertyParameterTest.java,14,20,46
Java,/tmp/clone_directory/generators/src/test/java/com/pholser/junit/quickcheck/generator/java/util/function/SupplierPropertyParameterTest.java,15,22,46
Java,/tmp/clone_directory/core/src/main/java/com/pholser/junit/quickcheck/internal/Items.java,16,20,45
Java,/tmp/clone_directory/core/src/test/java/com/pholser/junit/quickcheck/test/generator/AFooBadShrinks.java,17,20,45
Java,/tmp/clone_directory/core/src/main/java/com/pholser/junit/quickcheck/internal/DefaultMethodHandleMaker.java,11,0,44
Java,/tmp/clone_directory/generators/src/test/java/com/pholser/junit/quickcheck/ContractTestWithTypeVariableForPropertyParameterTest.java,16,20,44
Java,/tmp/clone_directory/generators/src/test/java/com/pholser/junit/quickcheck/generator/java/lang/strings/LargeCharsetCodePointsTest.java,12,20,44
Java,/tmp/clone_directory/generators/src/test/java/com/pholser/junit/quickcheck/generator/java/util/OptionalDoublePropertyParameterTest.java,15,20,44
Java,/tmp/clone_directory/generators/src/test/java/com/pholser/junit/quickcheck/generator/java/util/OptionalIntPropertyParameterTest.java,15,20,44
Java,/tmp/clone_directory/generators/src/test/java/com/pholser/junit/quickcheck/generator/java/util/OptionalLongPropertyParameterTest.java,15,20,44
Java,/tmp/clone_directory/generators/src/test/java/com/pholser/junit/quickcheck/generator/java/util/function/UnaryOperatorPropertyParameterTest.java,16,20,44
Java,/tmp/clone_directory/core/src/test/java/com/pholser/junit/quickcheck/test/generator/AnInt.java,16,20,43
Java,/tmp/clone_directory/generators/src/main/java/com/pholser/junit/quickcheck/generator/java/lang/CharacterGenerator.java,16,32,43
Java,/tmp/clone_directory/generators/src/main/java/com/pholser/junit/quickcheck/generator/java/time/OffsetTimeGenerator.java,15,39,43
Java,/tmp/clone_directory/generators/src/test/java/com/pholser/junit/quickcheck/generator/java/lang/EncodedStringPropertyParameterTest.java,13,20,43
Java,/tmp/clone_directory/generators/src/test/java/com/pholser/junit/quickcheck/generator/java/util/function/PredicatePropertyParameterTest.java,15,20,43
Markdown,/tmp/clone_directory/src/site/markdown/usage/getting-started.md,10,0,43
Markdown,/tmp/clone_directory/README.md,13,0,42
Java,/tmp/clone_directory/core/src/test/java/com/pholser/junit/quickcheck/internal/generator/RegisteringGeneratorsForHierarchyOfInterfaceTest.java,17,20,42
Java,/tmp/clone_directory/examples/src/main/java/com/pholser/junit/quickcheck/examples/geom/Point.java,15,24,42
Java,/tmp/clone_directory/examples/src/main/java/com/pholser/junit/quickcheck/examples/tree/visitor/TreeStructureVisitor.java,20,20,42
Java,/tmp/clone_directory/examples/src/test/java/com/pholser/junit/quickcheck/examples/convention/ConventionGenTest.java,13,20,42
Java,/tmp/clone_directory/generators/src/test/java/com/pholser/junit/quickcheck/OnlyAlsoTest.java,16,20,42
Java,/tmp/clone_directory/generators/src/test/java/com/pholser/junit/quickcheck/generator/java/util/RFC4122Version3PropertyParameterTest.java,14,20,42
Java,/tmp/clone_directory/generators/src/test/java/com/pholser/junit/quickcheck/generator/java/util/RFC4122Version5PropertyParameterTest.java,14,20,42
Java,/tmp/clone_directory/generators/src/test/java/com/pholser/junit/quickcheck/generator/java/util/SetOfEnumPropertyParameterTest.java,15,20,42
Java,/tmp/clone_directory/core/src/test/java/com/pholser/junit/quickcheck/internal/generator/RegisteringGeneratorsWithServiceLoaderTest.java,15,20,41
Java,/tmp/clone_directory/generators/src/test/java/com/pholser/junit/quickcheck/BitSetPropertyParameterTypesTest.java,16,20,41
Java,/tmp/clone_directory/generators/src/test/java/com/pholser/junit/quickcheck/generator/java/math/RangedBigIntegerNoMaxPropertyParameterTest.java,14,20,41
Java,/tmp/clone_directory/generators/src/test/java/com/pholser/junit/quickcheck/generator/java/math/RangedBigIntegerNoMinPropertyParameterTest.java,14,20,41
Java,/tmp/clone_directory/core/src/main/java/com/pholser/junit/quickcheck/generator/GenerationStatus.java,19,62,40
Java,/tmp/clone_directory/core/src/test/java/com/pholser/junit/quickcheck/internal/constraint/ConstraintEvaluatorTest.java,18,20,40
Java,/tmp/clone_directory/generators/src/test/java/com/pholser/junit/quickcheck/generator/java/lang/StringPropertyParameterTest.java,12,20,40
Java,/tmp/clone_directory/generators/src/test/java/com/pholser/junit/quickcheck/generator/java/util/SetOfWrapperBooleanPropertyParameterTest.java,14,20,40
Markdown,/tmp/clone_directory/src/site/markdown/usage/contract-tests.md,12,0,40
Java,/tmp/clone_directory/core/src/test/java/com/pholser/junit/quickcheck/TimesTest.java,13,20,39
Java,/tmp/clone_directory/core/src/test/java/com/pholser/junit/quickcheck/generator/ThreeDCharArrayPropertyParameterTest.java,12,20,39
Java,/tmp/clone_directory/examples/src/main/java/com/pholser/junit/quickcheck/examples/func/Either.java,16,20,39
Java,/tmp/clone_directory/examples/src/test/java/com/pholser/junit/quickcheck/examples/number/PrimeFactorsPropertiesTest.java,17,20,39
Java,/tmp/clone_directory/generators/src/main/java/com/pholser/junit/quickcheck/generator/java/time/YearMonthGenerator.java,15,38,39
Java,/tmp/clone_directory/generators/src/test/java/com/pholser/junit/quickcheck/generator/java/util/DatePropertyParameterTest.java,14,20,39
Java,/tmp/clone_directory/generators/src/test/java/com/pholser/junit/quickcheck/generator/java/util/MapOfIntegerToFloatPropertyParameterTest.java,14,20,39
Java,/tmp/clone_directory/examples/src/test/java/com/pholser/junit/quickcheck/examples/func/EitherGenerator.java,14,20,38
Java,/tmp/clone_directory/generators/src/main/java/com/pholser/junit/quickcheck/generator/java/time/LocalDateTimeGenerator.java,15,41,38
Java,/tmp/clone_directory/generators/src/test/java/com/pholser/junit/quickcheck/generator/java/util/PropertiesPropertyParameterTest.java,14,20,38
Java,/tmp/clone_directory/generators/src/main/java/com/pholser/junit/quickcheck/generator/java/time/MonthDayGenerator.java,15,40,37
Java,/tmp/clone_directory/generators/src/main/java/com/pholser/junit/quickcheck/generator/java/util/DateGenerator.java,19,59,37
Java,/tmp/clone_directory/generators/src/test/java/com/pholser/junit/quickcheck/generator/java/util/SetOfExtendsBytePropertyParameterTest.java,14,20,37
Java,/tmp/clone_directory/core/src/test/java/com/pholser/junit/quickcheck/test/generator/AMap.java,14,20,36
Java,/tmp/clone_directory/core/src/test/java/com/pholser/junit/quickcheck/test/generator/Pair.java,15,20,36
Java,/tmp/clone_directory/examples/src/test/java/com/pholser/junit/quickcheck/examples/money/DollarsAndCentsPropertiesTest.java,15,20,36
Java,/tmp/clone_directory/examples/src/test/java/com/pholser/junit/quickcheck/examples/text/Structured.java,13,20,36
Java,/tmp/clone_directory/generators/src/main/java/com/pholser/junit/quickcheck/generator/java/lang/Encoded.java,14,34,36
Java,/tmp/clone_directory/generators/src/main/java/com/pholser/junit/quickcheck/generator/java/time/OffsetDateTimeGenerator.java,15,40,36
Java,/tmp/clone_directory/generators/src/test/java/com/pholser/junit/quickcheck/generator/java/util/BitSetPropertyParameterTest.java,14,20,36
Java,/tmp/clone_directory/generators/src/test/java/com/pholser/junit/quickcheck/generator/java/util/ListOfExtendsShortPropertyParameterTest.java,14,20,36
Java,/tmp/clone_directory/core/src/test/java/com/pholser/junit/quickcheck/FilterTest.java,16,20,35
Java,/tmp/clone_directory/generators/src/test/java/com/pholser/junit/quickcheck/generator/java/nio/charset/CharsetPropertyParameterTest.java,14,20,35
Java,/tmp/clone_directory/generators/src/test/java/com/pholser/junit/quickcheck/generator/java/util/ListOfIntArrayPropertyParameterTest.java,14,20,35
Java,/tmp/clone_directory/generators/src/test/java/com/pholser/junit/quickcheck/generator/java/util/RFC4122Version4PropertyParameterTest.java,14,20,35
Java,/tmp/clone_directory/core/src/main/java/com/pholser/junit/quickcheck/internal/ShrinkControl.java,14,20,34
Java,/tmp/clone_directory/core/src/test/java/com/pholser/junit/quickcheck/LambdaPropertyParameterTypesTest.java,11,20,34
Java,/tmp/clone_directory/core/src/test/java/com/pholser/junit/quickcheck/MapFlatMapTest.java,17,20,34
Java,/tmp/clone_directory/examples/src/test/java/com/pholser/junit/quickcheck/examples/geom/PolygonGenerator.java,15,20,34
Java,/tmp/clone_directory/examples/src/test/java/com/pholser/junit/quickcheck/examples/tree/TreeMaker.java,14,20,34
Java,/tmp/clone_directory/generators/src/main/java/com/pholser/junit/quickcheck/generator/java/time/ZoneOffsetGenerator.java,14,41,34
Java,/tmp/clone_directory/generators/src/test/java/com/pholser/junit/quickcheck/CallablePropertyParameterTest.java,13,20,34
Java,/tmp/clone_directory/core/src/main/java/com/pholser/junit/quickcheck/internal/Comparables.java,12,30,33
Java,/tmp/clone_directory/core/src/test/java/com/pholser/junit/quickcheck/generator/PropertyParameterGenerationStatusTest.java,12,21,33
Java,/tmp/clone_directory/core/src/test/java/com/pholser/junit/quickcheck/test/generator/Box.java,15,20,33
Java,/tmp/clone_directory/generators/src/main/java/com/pholser/junit/quickcheck/generator/java/time/LocalDateGenerator.java,14,38,33
Java,/tmp/clone_directory/generators/src/main/java/com/pholser/junit/quickcheck/generator/java/time/LocalTimeGenerator.java,14,39,33
Java,/tmp/clone_directory/generators/src/test/java/com/pholser/junit/quickcheck/generator/java/util/SetOfHuhPropertyParameterTest.java,14,20,33
YAML,/tmp/clone_directory/.github/workflows/ci.yml,2,0,32
Java,/tmp/clone_directory/core/src/test/java/com/pholser/junit/quickcheck/generator/GenOneOfTest.java,16,20,32
Java,/tmp/clone_directory/generators/src/main/java/com/pholser/junit/quickcheck/generator/java/time/ClockGenerator.java,14,41,32
Java,/tmp/clone_directory/generators/src/main/java/com/pholser/junit/quickcheck/generator/java/time/YearGenerator.java,14,38,32
Java,/tmp/clone_directory/generators/src/test/java/com/pholser/junit/quickcheck/generator/java/util/ListOfHuhPropertyParameterTest.java,14,20,32
Java,/tmp/clone_directory/core/src/main/java/com/pholser/junit/quickcheck/internal/generator/AbstractGenerationStatus.java,13,20,31
Java,/tmp/clone_directory/core/src/test/java/com/pholser/junit/quickcheck/test/generator/Foo.java,14,20,31
Java,/tmp/clone_directory/examples/src/test/java/com/pholser/junit/quickcheck/examples/func/EitherTest.java,4,0,31
Java,/tmp/clone_directory/examples/src/test/java/com/pholser/junit/quickcheck/examples/tree/TreePropertyTest.java,16,20,31
Java,/tmp/clone_directory/generators/src/test/java/com/pholser/junit/quickcheck/generator/java/util/ListOfWrapperLongPropertyParameterTest.java,14,20,31
Java,/tmp/clone_directory/core/src/main/java/com/pholser/junit/quickcheck/internal/generator/ExhaustiveDomainGenerator.java,15,22,30
Java,/tmp/clone_directory/core/src/test/java/com/pholser/junit/quickcheck/GeneratorTest.java,13,20,30
Java,/tmp/clone_directory/core/src/test/java/com/pholser/junit/quickcheck/generator/GenFrequencyTest.java,12,20,30
Java,/tmp/clone_directory/core/src/test/java/com/pholser/junit/quickcheck/generator/PrimitiveIntegerArrayPropertyParameterTest.java,13,20,30
Java,/tmp/clone_directory/core/src/test/java/com/pholser/junit/quickcheck/test/generator/AList.java,14,20,30
Java,/tmp/clone_directory/core/src/test/java/com/pholser/junit/quickcheck/test/generator/APair.java,14,20,30
Java,/tmp/clone_directory/examples/src/main/java/com/pholser/junit/quickcheck/examples/geom/Segment.java,16,22,30
Java,/tmp/clone_directory/examples/src/test/java/com/pholser/junit/quickcheck/examples/geom/SegmentGenerator.java,13,20,30
Java,/tmp/clone_directory/generators/src/main/java/com/pholser/junit/quickcheck/generator/InRange.java,24,85,30
Java,/tmp/clone_directory/generators/src/test/java/com/pholser/junit/quickcheck/generator/java/lang/WrapperShortPropertyParameterTest.java,13,20,30
Java,/tmp/clone_directory/generators/src/test/java/com/pholser/junit/quickcheck/generator/java/util/function/BiConsumerPropertyParameterTest.java,12,20,30
Java,/tmp/clone_directory/core/src/main/java/com/pholser/junit/quickcheck/internal/GeometricDistribution.java,14,20,29
Java,/tmp/clone_directory/core/src/test/java/com/pholser/junit/quickcheck/UtilityClassesUninstantiabilityHarness.java,13,20,29
Java,/tmp/clone_directory/core/src/test/java/com/pholser/junit/quickcheck/test/generator/TestGeneratorSource.java,9,20,29
Java,/tmp/clone_directory/generators/src/main/java/com/pholser/junit/quickcheck/generator/java/lang/BooleanGenerator.java,13,23,29
Java,/tmp/clone_directory/generators/src/main/java/com/pholser/junit/quickcheck/generator/java/time/InstantGenerator.java,13,38,29
Java,/tmp/clone_directory/generators/src/main/java/com/pholser/junit/quickcheck/generator/java/util/function/ToLongFunctionGenerator.java,15,25,29
Java,/tmp/clone_directory/generators/src/test/java/com/pholser/junit/quickcheck/generator/java/lang/PrimitiveShortPropertyParameterTest.java,13,20,29
Java,/tmp/clone_directory/generators/src/test/java/com/pholser/junit/quickcheck/generator/java/lang/WrapperBytePropertyParameterTest.java,13,20,29
Java,/tmp/clone_directory/generators/src/test/java/com/pholser/junit/quickcheck/generator/java/lang/strings/CodePointRangeTest.java,12,20,29
Java,/tmp/clone_directory/core/src/test/java/com/pholser/junit/quickcheck/ComponentizedGeneratorsIsolateConfigurationFromComponentsTest.java,11,20,28
Java,/tmp/clone_directory/core/src/test/java/com/pholser/junit/quickcheck/test/generator/ABox.java,13,20,28
Java,/tmp/clone_directory/examples/src/main/java/com/pholser/junit/quickcheck/examples/tree/visitor/TreeDeepestLeafVisitor.java,11,20,28
Java,/tmp/clone_directory/examples/src/test/java/com/pholser/junit/quickcheck/examples/tree/NodeGenerator.java,11,20,28
Java,/tmp/clone_directory/generators/src/main/java/com/pholser/junit/quickcheck/generator/java/util/function/BiPredicateGenerator.java,15,26,28
Java,/tmp/clone_directory/generators/src/main/java/com/pholser/junit/quickcheck/generator/java/util/function/ToDoubleBiFunctionGenerator.java,15,26,28
Java,/tmp/clone_directory/generators/src/main/java/com/pholser/junit/quickcheck/generator/java/util/function/ToDoubleFunctionGenerator.java,15,25,28
Java,/tmp/clone_directory/generators/src/main/java/com/pholser/junit/quickcheck/generator/java/util/function/ToIntBiFunctionGenerator.java,15,26,28
Java,/tmp/clone_directory/generators/src/main/java/com/pholser/junit/quickcheck/generator/java/util/function/ToIntFunctionGenerator.java,15,25,28
Java,/tmp/clone_directory/generators/src/main/java/com/pholser/junit/quickcheck/generator/java/util/function/ToLongBiFunctionGenerator.java,15,26,28
Java,/tmp/clone_directory/generators/src/test/java/com/pholser/junit/quickcheck/generator/java/lang/PrimitiveBytePropertyParameterTest.java,13,20,28
YAML,/tmp/clone_directory/.travis.yml,1,0,27
Java,/tmp/clone_directory/core/src/main/java/com/pholser/junit/quickcheck/internal/SeededValue.java,12,20,27
Java,/tmp/clone_directory/core/src/test/java/com/pholser/junit/quickcheck/Annotations.java,11,20,27
Java,/tmp/clone_directory/core/src/test/java/com/pholser/junit/quickcheck/generator/SizeConstrainedPrimitiveIntegerArrayPropertyParameterTest.java,13,20,27
Java,/tmp/clone_directory/generators/src/main/java/com/pholser/junit/quickcheck/generator/java/time/DurationGenerator.java,12,41,27
Java,/tmp/clone_directory/generators/src/main/java/com/pholser/junit/quickcheck/generator/java/util/function/PredicateGenerator.java,14,25,27
Java,/tmp/clone_directory/generators/src/test/java/com/pholser/junit/quickcheck/generator/java/lang/ConstrainedPrimitiveIntegerPropertyParameterTest.java,13,20,27
Java,/tmp/clone_directory/generators/src/test/java/com/pholser/junit/quickcheck/generator/java/lang/RangedPrimitiveIntegerPropertyParameterTest.java,13,20,27
Java,/tmp/clone_directory/generators/src/test/java/com/pholser/junit/quickcheck/generator/java/util/LocalePropertyParameterTest.java,15,20,27
Java,/tmp/clone_directory/generators/src/test/java/com/pholser/junit/quickcheck/generator/java/util/TimeZonePropertyParameterTest.java,15,20,27
Java,/tmp/clone_directory/generators/src/test/java/com/pholser/junit/quickcheck/generator/java/util/function/DoubleFunctionPropertyParameterTest.java,12,20,27
Java,/tmp/clone_directory/guava/src/main/java/com/pholser/junit/quickcheck/guava/generator/PredicateGenerator.java,14,25,27
Markdown,/tmp/clone_directory/src/site/markdown/usage/null.md,6,0,27
Java,/tmp/clone_directory/generators/src/test/java/com/pholser/junit/quickcheck/ReferenceArrayPropertyParameterTypesTest.java,11,20,26
Java,/tmp/clone_directory/generators/src/test/java/com/pholser/junit/quickcheck/generator/java/lang/PrimitiveLongPropertyParameterTest.java,13,20,26
Java,/tmp/clone_directory/generators/src/test/java/com/pholser/junit/quickcheck/generator/java/util/function/ConsumerPropertyParameterTest.java,11,20,26
Java,/tmp/clone_directory/generators/src/test/java/com/pholser/junit/quickcheck/generator/java/util/function/DoubleConsumerPropertyParameterTest.java,12,20,26
Java,/tmp/clone_directory/generators/src/test/java/com/pholser/junit/quickcheck/generator/java/util/function/IntConsumerPropertyParameterTest.java,11,20,26
Java,/tmp/clone_directory/generators/src/test/java/com/pholser/junit/quickcheck/generator/java/util/function/LongConsumerPropertyParameterTest.java,11,20,26
Markdown,/tmp/clone_directory/src/site/markdown/usage/seed.md,5,0,26
Java,/tmp/clone_directory/core/src/main/java/com/pholser/junit/quickcheck/Pair.java,12,33,25
Java,/tmp/clone_directory/examples/src/test/java/com/pholser/junit/quickcheck/examples/crypto/SymmetricKeyCryptoPropertiesTest.java,11,20,25
Java,/tmp/clone_directory/examples/src/test/java/com/pholser/junit/quickcheck/examples/number/IntegralGenerator.java,12,22,25
Java,/tmp/clone_directory/generators/src/main/java/com/pholser/junit/quickcheck/generator/java/util/function/BiFunctionGenerator.java,12,27,25
Java,/tmp/clone_directory/generators/src/main/java/com/pholser/junit/quickcheck/generator/java/util/function/BinaryOperatorGenerator.java,12,25,25
Java,/tmp/clone_directory/generators/src/main/java/com/pholser/junit/quickcheck/generator/java/util/function/DoubleFunctionGenerator.java,12,25,25
Java,/tmp/clone_directory/generators/src/main/java/com/pholser/junit/quickcheck/generator/java/util/function/IntFunctionGenerator.java,12,25,25
Java,/tmp/clone_directory/generators/src/main/java/com/pholser/junit/quickcheck/generator/java/util/function/LongFunctionGenerator.java,12,25,25
Java,/tmp/clone_directory/generators/src/main/java/com/pholser/junit/quickcheck/generator/java/util/function/UnaryOperatorGenerator.java,12,25,25
Java,/tmp/clone_directory/generators/src/test/java/com/pholser/junit/quickcheck/generator/java/lang/PrimitiveBooleanPropertyParameterTest.java,13,20,25
Java,/tmp/clone_directory/generators/src/test/java/com/pholser/junit/quickcheck/generator/java/lang/PrimitiveDoublePropertyParameterTest.java,13,20,25
Java,/tmp/clone_directory/generators/src/test/java/com/pholser/junit/quickcheck/generator/java/lang/PrimitiveFloatPropertyParameterTest.java,13,20,25
Java,/tmp/clone_directory/generators/src/test/java/com/pholser/junit/quickcheck/generator/java/lang/PrimitiveIntegerPropertyParameterTest.java,13,20,25
Java,/tmp/clone_directory/generators/src/test/java/com/pholser/junit/quickcheck/generator/java/lang/WrapperBooleanPropertyParameterTest.java,13,20,25
Java,/tmp/clone_directory/generators/src/test/java/com/pholser/junit/quickcheck/generator/java/lang/WrapperCharacterPropertyParameterTest.java,13,20,25
Java,/tmp/clone_directory/generators/src/test/java/com/pholser/junit/quickcheck/generator/java/lang/WrapperDoublePropertyParameterTest.java,13,20,25
Java,/tmp/clone_directory/generators/src/test/java/com/pholser/junit/quickcheck/generator/java/lang/WrapperFloatPropertyParameterTest.java,13,20,25
Java,/tmp/clone_directory/generators/src/test/java/com/pholser/junit/quickcheck/generator/java/lang/WrapperIntegerPropertyParameterTest.java,13,20,25
Java,/tmp/clone_directory/generators/src/test/java/com/pholser/junit/quickcheck/generator/java/lang/WrapperLongPropertyParameterTest.java,13,20,25
Java,/tmp/clone_directory/generators/src/test/java/com/pholser/junit/quickcheck/generator/java/util/HashtableGeneratorTest.java,14,20,25
Java,/tmp/clone_directory/generators/src/test/java/com/pholser/junit/quickcheck/generator/java/util/function/DoubleBinaryOperatorPropertyParameterTest.java,11,20,25
Java,/tmp/clone_directory/generators/src/test/java/com/pholser/junit/quickcheck/generator/java/util/function/DoubleToIntFunctionPropertyParameterTest.java,11,20,25
Java,/tmp/clone_directory/generators/src/test/java/com/pholser/junit/quickcheck/generator/java/util/function/DoubleToLongFunctionPropertyParameterTest.java,11,20,25
Java,/tmp/clone_directory/generators/src/test/java/com/pholser/junit/quickcheck/generator/java/util/function/IntBinaryOperatorPropertyParameterTest.java,11,20,25
Java,/tmp/clone_directory/generators/src/test/java/com/pholser/junit/quickcheck/generator/java/util/function/LongBinaryOperatorPropertyParameterTest.java,11,20,25
Java,/tmp/clone_directory/generators/src/test/java/com/pholser/junit/quickcheck/generator/java/util/function/ToDoubleFunctionPropertyParameterTest.java,12,20,25
Java,/tmp/clone_directory/guava/src/main/java/com/pholser/junit/quickcheck/guava/generator/FunctionGenerator.java,11,26,25
Java,/tmp/clone_directory/core/src/main/java/com/pholser/junit/quickcheck/internal/generator/GuaranteeValuesGenerator.java,12,20,24
Java,/tmp/clone_directory/core/src/test/java/com/pholser/junit/quickcheck/ReproIssue240Test.java,9,20,24
Java,/tmp/clone_directory/core/src/test/java/com/pholser/junit/quickcheck/internal/generator/Generators.java,12,20,24
Java,/tmp/clone_directory/examples/src/main/java/com/pholser/junit/quickcheck/examples/tree/Node.java,12,20,24
Java,/tmp/clone_directory/examples/src/test/java/com/pholser/junit/quickcheck/examples/crypto/AES128Keys.java,11,20,24
Java,/tmp/clone_directory/examples/src/test/java/com/pholser/junit/quickcheck/examples/geom/PolygonPropertiesTest.java,11,20,24
Java,/tmp/clone_directory/generators/src/main/java/com/pholser/junit/quickcheck/generator/java/util/concurrent/CallableGenerator.java,11,25,24
Java,/tmp/clone_directory/generators/src/main/java/com/pholser/junit/quickcheck/generator/java/util/function/FunctionGenerator.java,11,26,24
Java,/tmp/clone_directory/generators/src/main/java/com/pholser/junit/quickcheck/generator/java/util/function/SupplierGenerator.java,11,25,24
Java,/tmp/clone_directory/generators/src/test/java/com/pholser/junit/quickcheck/generator/java/lang/PrimitiveCharPropertyParameterTest.java,13,20,24
Java,/tmp/clone_directory/generators/src/test/java/com/pholser/junit/quickcheck/generator/java/util/function/IntFunctionPropertyParameterTest.java,11,20,24
Java,/tmp/clone_directory/guava/src/main/java/com/pholser/junit/quickcheck/guava/generator/SupplierGenerator.java,11,25,24
Java,/tmp/clone_directory/core/src/main/java/com/pholser/junit/quickcheck/internal/generator/ServiceLoaderGeneratorSource.java,13,20,23
Java,/tmp/clone_directory/generators/src/test/java/com/pholser/junit/quickcheck/ReproIssue240Test.java,11,20,23
Java,/tmp/clone_directory/generators/src/test/java/com/pholser/junit/quickcheck/generator/java/util/function/ObjDoubleConsumerPropertyParameterTest.java,11,20,23
Java,/tmp/clone_directory/generators/src/test/java/com/pholser/junit/quickcheck/generator/java/util/function/ObjIntConsumerPropertyParameterTest.java,11,20,23
Java,/tmp/clone_directory/generators/src/test/java/com/pholser/junit/quickcheck/generator/java/util/function/ObjLongConsumerPropertyParameterTest.java,11,20,23
Java,/tmp/clone_directory/generators/src/test/java/com/pholser/junit/quickcheck/generator/java/util/function/ToDoubleBiFunctionPropertyParameterTest.java,11,20,23
Java,/tmp/clone_directory/generators/src/test/java/com/pholser/junit/quickcheck/generator/java/util/function/ToIntBiFunctionPropertyParameterTest.java,11,20,23
Java,/tmp/clone_directory/generators/src/test/java/com/pholser/junit/quickcheck/generator/java/util/function/ToIntFunctionPropertyParameterTest.java,11,20,23
Java,/tmp/clone_directory/generators/src/test/java/com/pholser/junit/quickcheck/generator/java/util/function/ToLongBiFunctionPropertyParameterTest.java,11,20,23
Java,/tmp/clone_directory/generators/src/test/java/com/pholser/junit/quickcheck/generator/java/util/function/ToLongFunctionPropertyParameterTest.java,11,20,23
Java,/tmp/clone_directory/core/src/main/java/com/pholser/junit/quickcheck/generator/Generators.java,16,147,22
Java,/tmp/clone_directory/core/src/test/java/com/pholser/junit/quickcheck/internal/generator/EnumGeneratorTest.java,12,20,22
Java,/tmp/clone_directory/core/src/test/java/com/pholser/junit/quickcheck/internal/generator/MissingGeneratorForGivenTypeTest.java,12,20,22
Java,/tmp/clone_directory/core/src/test/java/com/pholser/junit/quickcheck/random/other/AccessingJDKRandomDelegateTest.java,10,20,22
Java,/tmp/clone_directory/examples/src/test/java/com/pholser/junit/quickcheck/examples/text/SSNTest.java,9,20,22
Java,/tmp/clone_directory/generators/src/test/java/com/pholser/junit/quickcheck/generator/java/util/function/BooleanSupplierPropertyParameterTest.java,9,20,22
Java,/tmp/clone_directory/generators/src/test/java/com/pholser/junit/quickcheck/generator/java/util/function/DoublePredicatePropertyParameterTest.java,10,20,22
Java,/tmp/clone_directory/generators/src/test/java/com/pholser/junit/quickcheck/generator/java/util/function/DoubleSupplierPropertyParameterTest.java,10,20,22
Java,/tmp/clone_directory/generators/src/test/java/com/pholser/junit/quickcheck/generator/java/util/function/DoubleUnaryOperatorPropertyParameterTest.java,10,20,22
Java,/tmp/clone_directory/generators/src/test/java/com/pholser/junit/quickcheck/generator/java/util/function/IntPredicatePropertyParameterTest.java,9,20,22
Java,/tmp/clone_directory/generators/src/test/java/com/pholser/junit/quickcheck/generator/java/util/function/IntSupplierPropertyParameterTest.java,9,20,22
Java,/tmp/clone_directory/generators/src/test/java/com/pholser/junit/quickcheck/generator/java/util/function/IntToDoubleFunctionPropertyParameterTest.java,10,20,22
Java,/tmp/clone_directory/generators/src/test/java/com/pholser/junit/quickcheck/generator/java/util/function/IntToLongFunctionPropertyParameterTest.java,10,20,22
Java,/tmp/clone_directory/generators/src/test/java/com/pholser/junit/quickcheck/generator/java/util/function/IntUnaryOperatorPropertyParameterTest.java,10,20,22
Java,/tmp/clone_directory/generators/src/test/java/com/pholser/junit/quickcheck/generator/java/util/function/LongPredicatePropertyParameterTest.java,10,20,22
Java,/tmp/clone_directory/generators/src/test/java/com/pholser/junit/quickcheck/generator/java/util/function/LongSupplierPropertyParameterTest.java,10,20,22
Java,/tmp/clone_directory/generators/src/test/java/com/pholser/junit/quickcheck/generator/java/util/function/LongToDoubleFunctionPropertyParameterTest.java,10,20,22
Java,/tmp/clone_directory/generators/src/test/java/com/pholser/junit/quickcheck/generator/java/util/function/LongToIntFunctionPropertyParameterTest.java,10,20,22
Java,/tmp/clone_directory/generators/src/test/java/com/pholser/junit/quickcheck/generator/java/util/function/LongUnaryOperatorPropertyParameterTest.java,10,20,22
Markdown,/tmp/clone_directory/src/site/markdown/usage/basic-types.md,3,0,22
Java,/tmp/clone_directory/core/src/main/java/com/pholser/junit/quickcheck/internal/generator/EnumGenerator.java,12,20,21
Java,/tmp/clone_directory/core/src/test/java/com/pholser/junit/quickcheck/internal/generator/ArrayGeneratorTest.java,12,20,21
Java,/tmp/clone_directory/core/src/test/java/com/pholser/junit/quickcheck/test/generator/AString.java,10,20,21
Java,/tmp/clone_directory/examples/src/test/java/com/pholser/junit/quickcheck/examples/geom/PointGenerator.java,12,20,21
Java,/tmp/clone_directory/examples/src/test/java/com/pholser/junit/quickcheck/examples/number/PrimeFactors.java,12,20,21
Java,/tmp/clone_directory/generators/src/test/java/com/pholser/junit/quickcheck/ContractTestWithArrayTypeParameterTest.java,10,20,21
Java,/tmp/clone_directory/guava/src/test/java/com/pholser/junit/quickcheck/guava/generator/PredicatePropertyParameterTest.java,10,20,21
Text,/tmp/clone_directory/conf/MIT-LICENSE.txt,4,0,20
Java,/tmp/clone_directory/core/src/test/java/com/pholser/junit/quickcheck/test/generator/ACallable.java,10,20,20
Java,/tmp/clone_directory/examples/src/main/java/com/pholser/junit/quickcheck/examples/dummy/A.java,11,20,20
Java,/tmp/clone_directory/generators/src/test/java/com/pholser/junit/quickcheck/generator/java/util/function/LongFunctionPropertyParameterTest.java,9,20,20
Markdown,/tmp/clone_directory/src/site/markdown/license.md,5,0,20
Java,/tmp/clone_directory/core/src/main/java/com/pholser/junit/quickcheck/Property.java,14,61,19
Java,/tmp/clone_directory/core/src/main/java/com/pholser/junit/quickcheck/internal/generator/LambdaGenerator.java,12,20,19
Java,/tmp/clone_directory/core/src/main/java/com/pholser/junit/quickcheck/internal/generator/SamplingDomainGenerator.java,11,20,19
Java,/tmp/clone_directory/core/src/test/java/com/pholser/junit/quickcheck/test/generator/ABigInt.java,10,20,19
Java,/tmp/clone_directory/core/src/test/java/com/pholser/junit/quickcheck/test/generator/AByte.java,11,20,19
Java,/tmp/clone_directory/core/src/test/java/com/pholser/junit/quickcheck/test/generator/AChar.java,11,20,19
Java,/tmp/clone_directory/core/src/test/java/com/pholser/junit/quickcheck/test/generator/ADouble.java,11,20,19
Java,/tmp/clone_directory/core/src/test/java/com/pholser/junit/quickcheck/test/generator/AFloat.java,11,20,19
Java,/tmp/clone_directory/core/src/test/java/com/pholser/junit/quickcheck/test/generator/ALong.java,11,20,19
Java,/tmp/clone_directory/core/src/test/java/com/pholser/junit/quickcheck/test/generator/AShort.java,11,20,19
Java,/tmp/clone_directory/examples/src/main/java/com/pholser/junit/quickcheck/examples/tree/Leaf.java,11,20,19
Java,/tmp/clone_directory/examples/src/test/java/com/pholser/junit/quickcheck/examples/dummy/AGenerator.java,10,20,19
Markdown,/tmp/clone_directory/src/site/markdown/index.md,7,0,19
Java,/tmp/clone_directory/core/src/test/java/com/pholser/junit/quickcheck/Classes.java,10,20,18
Java,/tmp/clone_directory/core/src/test/java/com/pholser/junit/quickcheck/test/generator/ADecimal.java,10,20,18
Java,/tmp/clone_directory/examples/src/main/java/com/pholser/junit/quickcheck/examples/tree/visitor/TreeDepthVisitor.java,9,20,18
Java,/tmp/clone_directory/examples/src/test/java/com/pholser/junit/quickcheck/examples/counter/CounterPropertiesTest.java,9,20,18
Java,/tmp/clone_directory/generators/src/main/java/com/pholser/junit/quickcheck/generator/java/util/TimeZoneGenerator.java,11,23,18
Java,/tmp/clone_directory/generators/src/test/java/com/pholser/junit/quickcheck/DayOfWeekPropertyParameterTypesTest.java,10,20,18
Java,/tmp/clone_directory/generators/src/test/java/com/pholser/junit/quickcheck/MonthPropertyParameterTypesTest.java,10,20,18
Java,/tmp/clone_directory/core/src/main/java/com/pholser/junit/quickcheck/From.java,9,39,17
Java,/tmp/clone_directory/core/src/main/java/com/pholser/junit/quickcheck/Mode.java,9,36,17
Java,/tmp/clone_directory/core/src/main/java/com/pholser/junit/quickcheck/internal/conversion/ConstructorInvokingStringConversion.java,10,20,17
Java,/tmp/clone_directory/core/src/main/java/com/pholser/junit/quickcheck/internal/conversion/MethodInvokingStringConversion.java,10,20,17
Java,/tmp/clone_directory/core/src/test/java/com/pholser/junit/quickcheck/PairTest.java,9,20,17
Java,/tmp/clone_directory/examples/src/main/java/com/pholser/junit/quickcheck/examples/counter/Counter.java,10,20,17
Java,/tmp/clone_directory/generators/src/main/java/com/pholser/junit/quickcheck/generator/VoidGenerator.java,11,24,17
Java,/tmp/clone_directory/generators/src/main/java/com/pholser/junit/quickcheck/generator/java/nio/charset/CharsetGenerator.java,10,23,17
Java,/tmp/clone_directory/generators/src/main/java/com/pholser/junit/quickcheck/generator/java/util/LocaleGenerator.java,11,23,17
Java,/tmp/clone_directory/generators/src/test/java/com/pholser/junit/quickcheck/NumberPropertyParameterTypesTest.java,9,20,17
Java,/tmp/clone_directory/generators/src/test/java/com/pholser/junit/quickcheck/issue275/ListGen.java,5,0,17
Java,/tmp/clone_directory/generators/src/test/java/com/pholser/junit/quickcheck/issue275/__Gen.java,10,20,17
Java,/tmp/clone_directory/core/src/main/java/com/pholser/junit/quickcheck/generator/Also.java,9,45,16
Java,/tmp/clone_directory/core/src/main/java/com/pholser/junit/quickcheck/generator/Only.java,9,56,16
Java,/tmp/clone_directory/core/src/main/java/com/pholser/junit/quickcheck/internal/ParameterSampler.java,10,20,16
Java,/tmp/clone_directory/core/src/main/java/com/pholser/junit/quickcheck/internal/generator/SimpleGenerationStatus.java,10,20,16
Java,/tmp/clone_directory/core/src/test/java/com/pholser/junit/quickcheck/test/generator/Between.java,9,20,16
Java,/tmp/clone_directory/examples/src/test/java/com/pholser/junit/quickcheck/examples/geom/Dimensions.java,10,20,16
Java,/tmp/clone_directory/examples/src/test/java/com/pholser/junit/quickcheck/examples/tree/Depth.java,9,20,16
Java,/tmp/clone_directory/generators/src/main/java/com/pholser/junit/quickcheck/generator/java/time/ZoneIdGenerator.java,10,23,16
Java,/tmp/clone_directory/generators/src/test/java/com/pholser/junit/quickcheck/generator/java/util/MessageDigestsTest.java,9,20,16
Java,/tmp/clone_directory/core/src/main/java/com/pholser/junit/quickcheck/generator/Size.java,9,33,15
Java,/tmp/clone_directory/core/src/main/java/com/pholser/junit/quickcheck/internal/generator/ZilchGenerator.java,9,20,15
Java,/tmp/clone_directory/core/src/test/java/com/pholser/junit/quickcheck/test/generator/ABool.java,10,20,15
Java,/tmp/clone_directory/examples/src/test/java/com/pholser/junit/quickcheck/examples/tree/EmptyGenerator.java,9,20,15
Java,/tmp/clone_directory/examples/src/test/java/com/pholser/junit/quickcheck/examples/tree/LeafGenerator.java,9,20,15
Java,/tmp/clone_directory/core/src/test/java/com/pholser/junit/quickcheck/internal/generator/conventiontestclasses/ConventionGen.java,9,20,14
Java,/tmp/clone_directory/core/src/test/java/com/pholser/junit/quickcheck/internal/generator/conventiontestclasses/GeneratesOtherTypesGen.java,9,20,14
Java,/tmp/clone_directory/core/src/test/java/com/pholser/junit/quickcheck/test/generator/X.java,8,20,14
Java,/tmp/clone_directory/examples/src/main/java/com/pholser/junit/quickcheck/examples/number/NonNegative.java,8,20,14
Java,/tmp/clone_directory/examples/src/test/java/com/pholser/junit/quickcheck/examples/convention/ConventionGen.java,9,20,14
Java,/tmp/clone_directory/examples/src/test/java/com/pholser/junit/quickcheck/examples/dummy/BGenerator.java,9,20,14
Java,/tmp/clone_directory/generators/src/main/java/com/pholser/junit/quickcheck/generator/Precision.java,8,29,14
Java,/tmp/clone_directory/generators/src/test/java/com/pholser/junit/quickcheck/ComparatorContract.java,10,20,14
Java,/tmp/clone_directory/core/src/main/java/com/pholser/junit/quickcheck/Produced.java,8,34,13
Java,/tmp/clone_directory/core/src/main/java/com/pholser/junit/quickcheck/generator/Distinct.java,8,31,13
Java,/tmp/clone_directory/core/src/main/java/com/pholser/junit/quickcheck/generator/NullAllowed.java,3,8,13
Java,/tmp/clone_directory/core/src/main/java/com/pholser/junit/quickcheck/internal/Weighted.java,8,20,13
Java,/tmp/clone_directory/examples/src/test/java/com/pholser/junit/quickcheck/examples/dummy/AGeneratorTest.java,3,0,13
Java,/tmp/clone_directory/examples/src/test/java/com/pholser/junit/quickcheck/examples/geom/SegmentPropertiesTest.java,9,20,13
Java,/tmp/clone_directory/generators/src/main/java/com/pholser/junit/quickcheck/generator/java/util/SetGenerator.java,10,25,13
Java,/tmp/clone_directory/generators/src/test/java/com/pholser/junit/quickcheck/ComparableWithConsistentEqualsContract.java,9,20,13
Java,/tmp/clone_directory/core/src/main/java/com/pholser/junit/quickcheck/When.java,10,44,12
Java,/tmp/clone_directory/core/src/main/java/com/pholser/junit/quickcheck/runner/NoValuesSatisfiedPropertyAssumptions.java,4,0,12
Java,/tmp/clone_directory/core/src/test/java/com/pholser/junit/quickcheck/GeneratorDescriptorsIssue235.java,2,0,12
Java,/tmp/clone_directory/core/src/test/java/com/pholser/junit/quickcheck/Types.java,9,20,12
Java,/tmp/clone_directory/core/src/test/java/com/pholser/junit/quickcheck/internal/WeightedTest.java,8,20,12
Java,/tmp/clone_directory/examples/src/main/java/com/pholser/junit/quickcheck/examples/dummy/B.java,8,20,12
Java,/tmp/clone_directory/examples/src/main/java/com/pholser/junit/quickcheck/examples/money/DollarsAndCents.java,10,20,12
Java,/tmp/clone_directory/examples/src/main/java/com/pholser/junit/quickcheck/examples/tree/Empty.java,8,20,12
Java,/tmp/clone_directory/examples/src/test/java/com/pholser/junit/quickcheck/examples/number/NumbersPropertiesTest.java,8,20,12
Java,/tmp/clone_directory/generators/src/test/java/com/pholser/junit/quickcheck/issue275/FunctorContract.java,11,20,12
Markdown,/tmp/clone_directory/src/site/markdown/download.md,4,0,12
Java,/tmp/clone_directory/core/src/main/java/com/pholser/junit/quickcheck/generator/GeneratorConfiguration.java,8,32,11
Java,/tmp/clone_directory/examples/src/test/java/com/pholser/junit/quickcheck/examples/text/StringPropertiesTest.java,8,20,11
Java,/tmp/clone_directory/generators/src/test/java/com/pholser/junit/quickcheck/issue275/ListFunctor.java,8,20,11
Markdown,/tmp/clone_directory/src/site/markdown/background/migrating.md,1,0,11
Markdown,/tmp/clone_directory/src/site/markdown/background/similar-projects.md,1,0,11
YAML,/tmp/clone_directory/.github/dependabot.yml,0,0,10
Java,/tmp/clone_directory/core/src/main/java/com/pholser/junit/quickcheck/generator/GeneratorConfigurationException.java,8,26,10
Java,/tmp/clone_directory/core/src/main/java/com/pholser/junit/quickcheck/internal/ReflectionException.java,8,20,10
Java,/tmp/clone_directory/generators/src/main/java/com/pholser/junit/quickcheck/generator/java/lang/StringGenerator.java,8,24,10
Java,/tmp/clone_directory/generators/src/main/java/com/pholser/junit/quickcheck/generator/java/util/HashtableGenerator.java,8,23,10
Java,/tmp/clone_directory/generators/src/test/java/com/pholser/junit/quickcheck/IntegerComparableTest.java,8,20,10
Java,/tmp/clone_directory/generators/src/test/java/com/pholser/junit/quickcheck/IntegerComparatorTest.java,8,20,10
Java,/tmp/clone_directory/generators/src/test/java/com/pholser/junit/quickcheck/generator/VoidGeneratorTest.java,10,20,10
INI,/tmp/clone_directory/.editorconfig,2,0,9
Java,/tmp/clone_directory/core/src/test/java/com/pholser/junit/quickcheck/Strings.java,7,20,9
Java,/tmp/clone_directory/core/src/test/java/com/pholser/junit/quickcheck/internal/InvocationTargetProblematic.java,7,20,9
Java,/tmp/clone_directory/core/src/test/java/com/pholser/junit/quickcheck/internal/ZeroArgIllegalAccessProblematic.java,8,22,9
Java,/tmp/clone_directory/examples/src/test/java/com/pholser/junit/quickcheck/examples/tree/TreeKeys.java,3,0,9
Java,/tmp/clone_directory/generators/src/test/java/com/pholser/junit/quickcheck/generator/BasicGeneratorPropertyParameterTest.java,8,20,9
Java,/tmp/clone_directory/generators/src/test/java/com/pholser/junit/quickcheck/generator/java/util/MessageDigestsUtilityClassTest.java,9,20,9
Java,/tmp/clone_directory/generators/src/test/java/com/pholser/junit/quickcheck/issue275/ListFunctorProperties.java,2,0,9
Java,/tmp/clone_directory/core/src/test/java/com/pholser/junit/quickcheck/generator/LambdasUtilityClassTest.java,8,20,8
Java,/tmp/clone_directory/core/src/test/java/com/pholser/junit/quickcheck/internal/ComparablesUtilityClassTest.java,8,20,8
Java,/tmp/clone_directory/core/src/test/java/com/pholser/junit/quickcheck/internal/FakeAnnotatedTypeFactoryUtilityClassTest.java,8,20,8
Java,/tmp/clone_directory/core/src/test/java/com/pholser/junit/quickcheck/internal/ItemsUtilityClassTest.java,8,20,8
Java,/tmp/clone_directory/core/src/test/java/com/pholser/junit/quickcheck/internal/ListsUtilityClassTest.java,8,20,8
Java,/tmp/clone_directory/core/src/test/java/com/pholser/junit/quickcheck/internal/RangesUtilityClassTest.java,8,20,8
Java,/tmp/clone_directory/core/src/test/java/com/pholser/junit/quickcheck/internal/ReflectionUtilityClassTest.java,8,20,8
Java,/tmp/clone_directory/core/src/test/java/com/pholser/junit/quickcheck/internal/SequencesUtilityClassTest.java,8,20,8
Java,/tmp/clone_directory/generators/src/main/java/com/pholser/junit/quickcheck/generator/java/util/ListGenerator.java,8,25,8
Java,/tmp/clone_directory/generators/src/test/java/com/pholser/junit/quickcheck/generator/java/util/RFC4122UtilityClassTest.java,8,20,8
XML,/tmp/clone_directory/conf/checkstyle-suppressions.xml,0,0,7
Java,/tmp/clone_directory/core/src/main/java/com/pholser/junit/quickcheck/generator/Shrink.java,7,32,7
Java,/tmp/clone_directory/core/src/main/java/com/pholser/junit/quickcheck/hook/NilMinimalCounterexampleHook.java,8,24,7
Java,/tmp/clone_directory/generators/src/main/java/com/pholser/junit/quickcheck/generator/java/util/ArrayListGenerator.java,7,23,7
Java,/tmp/clone_directory/generators/src/main/java/com/pholser/junit/quickcheck/generator/java/util/HashMapGenerator.java,7,23,7
Java,/tmp/clone_directory/generators/src/main/java/com/pholser/junit/quickcheck/generator/java/util/HashSetGenerator.java,7,23,7
Java,/tmp/clone_directory/generators/src/main/java/com/pholser/junit/quickcheck/generator/java/util/LinkedHashMapGenerator.java,7,23,7
Java,/tmp/clone_directory/generators/src/main/java/com/pholser/junit/quickcheck/generator/java/util/LinkedHashSetGenerator.java,7,23,7
Java,/tmp/clone_directory/generators/src/main/java/com/pholser/junit/quickcheck/generator/java/util/LinkedListGenerator.java,7,23,7
Java,/tmp/clone_directory/generators/src/main/java/com/pholser/junit/quickcheck/generator/java/util/StackGenerator.java,7,23,7
Java,/tmp/clone_directory/generators/src/main/java/com/pholser/junit/quickcheck/generator/java/util/VectorGenerator.java,7,23,7
Java,/tmp/clone_directory/core/src/main/java/com/pholser/junit/quickcheck/internal/Zilch.java,7,21,6
Java,/tmp/clone_directory/examples/src/main/java/com/pholser/junit/quickcheck/examples/tree/TreeVisitor.java,8,20,6
Java,/tmp/clone_directory/core/src/main/java/com/pholser/junit/quickcheck/conversion/StringConversion.java,6,29,5
Java,/tmp/clone_directory/core/src/test/java/com/pholser/junit/quickcheck/internal/MultiArgIllegalAccessProblematic.java,6,20,5
Java,/tmp/clone_directory/generators/src/test/java/com/pholser/junit/quickcheck/issue275/Functor.java,7,20,5
Java,/tmp/clone_directory/generators/src/test/java/com/pholser/junit/quickcheck/issue275/List.java,6,20,5
Text,/tmp/clone_directory/LICENSE.txt,3,0,4
Java,/tmp/clone_directory/core/src/main/java/com/pholser/junit/quickcheck/MinimalCounterexampleHook.java,6,34,4
Java,/tmp/clone_directory/core/src/test/java/com/pholser/junit/quickcheck/FooEqualsHashCodeTest.java,7,20,4
Java,/tmp/clone_directory/core/src/test/java/com/pholser/junit/quickcheck/test/generator/FooBoxOpener.java,6,20,4
Java,/tmp/clone_directory/examples/src/main/java/com/pholser/junit/quickcheck/examples/tree/Visited.java,6,20,4
Markdown,/tmp/clone_directory/src/site/markdown/javadoc.md,1,0,4
Markdown,/tmp/clone_directory/src/site/markdown/reports/reports-core.md,1,0,4
Markdown,/tmp/clone_directory/src/site/markdown/reports/reports-generators.md,1,0,4
Markdown,/tmp/clone_directory/src/site/markdown/reports/reports-guava.md,1,0,4
Java,/tmp/clone_directory/core/src/test/java/com/pholser/junit/quickcheck/LongRunning.java,6,20,3
Java,/tmp/clone_directory/core/src/test/java/com/pholser/junit/quickcheck/internal/generator/conventiontestclasses/Convention.java,6,21,3
Java,/tmp/clone_directory/core/src/test/java/com/pholser/junit/quickcheck/internal/generator/conventiontestclasses/GeneratesOtherTypes.java,6,21,3
Java,/tmp/clone_directory/core/src/test/java/com/pholser/junit/quickcheck/internal/generator/conventiontestclasses/NotAGenerator.java,6,21,3
Java,/tmp/clone_directory/core/src/test/java/com/pholser/junit/quickcheck/internal/generator/conventiontestclasses/NotAGeneratorGen.java,6,21,3
Java,/tmp/clone_directory/core/src/test/java/com/pholser/junit/quickcheck/test/generator/AnotherBox.java,6,20,3
XML,/tmp/clone_directory/core/src/test/resources/logback-test.xml,0,0,3
Java,/tmp/clone_directory/examples/src/main/java/com/pholser/junit/quickcheck/examples/tree/Tree.java,6,20,3
Java,/tmp/clone_directory/examples/src/test/java/com/pholser/junit/quickcheck/examples/convention/Convention.java,6,20,3
Java,/tmp/clone_directory/generators/src/test/java/com/pholser/junit/quickcheck/issue275/__.java,6,20,3
Markdown,/tmp/clone_directory/src/site/markdown/discuss.md,1,0,2
XML,/tmp/clone_directory/infinitest.filters,0,0,1
SUM,,9702,12086,32903
